Name,Team,W,L,ERA,G,GS,QS,CG,ShO,SV,HLD,BS,IP,TBF,H,R,ER,HR,BB,IBB,HBP,WP,BK,SO,NameASCII,PlayerId,MLBAMID
"Garrett Crochet","BOS",18,5,2.586039025097117,32,32,22,1,1,0,0,0,205.1,814,165,62,59,24,46,0,3,7,3,255,"Garrett Crochet",27463,676979
"Tarik Skubal","DET",13,6,2.2116041531508555,31,31,21,1,1,0,0,0,195.1,748,141,55,48,18,33,0,5,3,2,241,"Tarik Skubal",22267,669373
"Logan Webb","SFG",15,11,3.217391304347826,34,34,22,0,0,0,0,0,207,856,210,82,74,14,46,0,6,2,0,224,"Logan Webb",17995,657277
"Jesús Luzardo","PHI",15,7,3.9201454076830196,32,32,18,0,0,0,0,0,183.2,758,167,85,80,16,57,0,3,2,1,216,"Jesus Luzardo",19959,666200
"Paul Skenes","PIT",10,10,1.966252326829945,32,32,20,1,0,0,0,0,187.2,733,136,45,41,11,42,0,6,2,0,216,"Paul Skenes",33677,694973
"Dylan Cease","SDP",8,12,4.553571428571429,32,32,8,0,0,0,0,0,168,722,152,91,85,21,71,2,5,5,0,215,"Dylan Cease",18525,656302
"Cristopher Sánchez","PHI",13,5,2.495049504950495,32,32,22,1,0,0,0,0,202,807,171,58,56,12,44,0,6,6,1,212,"Cristopher Sanchez",20778,650911
"Hunter Brown","HOU",12,9,2.4280576205921207,31,31,21,1,0,0,0,0,185.1,729,133,55,50,17,57,1,7,0,1,206,"Hunter Brown",25880,686613
"Freddy Peralta","MIL",17,6,2.6999999222665485,33,33,13,0,0,0,0,0,176.2,723,124,54,53,21,66,0,9,4,2,204,"Freddy Peralta",18679,642547
"Carlos Rodón","NYY",18,9,3.087030797106402,33,33,18,0,0,0,0,0,195.1,789,132,74,67,22,73,0,9,4,0,203,"Carlos Rodon",16137,607074
"Sonny Gray","STL",14,8,4.284133082548646,32,32,14,1,1,0,0,0,180.2,753,185,93,86,25,38,0,3,2,0,201,"Sonny Gray",12768,543243
"Yoshinobu Yamamoto","LAD",12,8,2.487524138029198,30,30,18,0,0,0,0,0,173.2,684,113,53,48,14,59,0,3,5,0,201,"Yoshinobu Yamamoto",33825,808967
"Bryan Woo","SEA",15,7,2.9410715888471106,30,30,21,0,0,0,0,0,186.2,731,137,64,61,26,36,0,4,3,0,198,"Bryan Woo",30279,693433
"Zack Wheeler","PHI",10,5,2.7060135469509574,24,24,16,1,0,0,0,0,149.2,585,107,48,45,19,33,0,8,2,0,195,"Zack Wheeler",10310,554430
"Joe Ryan","MIN",13,10,3.4210526315789473,31,30,14,0,0,0,0,0,171,689,138,69,65,26,39,0,12,0,2,194,"Joe Ryan",21390,657746
"Nick Pivetta","SDP",13,5,2.8733946563101758,31,31,19,0,0,0,0,0,181.2,721,129,63,58,22,50,1,3,1,0,190,"Nick Pivetta",15454,601713
"Max Fried","NYY",19,5,2.8566553644865214,32,32,20,0,0,0,0,0,195.1,801,164,73,62,14,51,0,10,8,1,189,"Max Fried",13743,608331
"Kevin Gausman","TOR",10,11,3.5906735751295336,32,32,16,1,1,0,0,0,193,775,155,79,77,21,50,2,3,1,2,189,"Kevin Gausman",14107,592332
"Jack Flaherty","DET",8,15,4.6397515527950315,31,31,10,0,0,0,0,0,161,681,147,85,83,23,59,1,5,4,0,188,"Jack Flaherty",17479,656427
"Framber Valdez","HOU",13,11,3.65625,31,31,20,2,0,0,0,0,192,802,171,82,78,15,68,0,7,12,1,187,"Framber Valdez",17295,664285
"Robbie Ray","SFG",11,8,3.652650924561298,32,32,16,1,0,0,0,0,182.1,755,148,81,74,22,73,0,4,7,1,186,"Robbie Ray",11486,592662
"Jacob deGrom","TEX",12,8,2.971042646079201,30,30,14,0,0,0,0,0,172.2,669,122,57,57,26,37,0,3,3,0,185,"Jacob deGrom",10954,594798
"MacKenzie Gore","WSN",5,15,4.171190244873954,30,30,14,0,0,0,0,0,159.2,680,152,75,74,20,64,0,5,12,0,185,"MacKenzie Gore",22201,669022
"Shane Baz","TBR",10,12,4.869739627868396,31,31,11,0,0,0,0,0,166.1,711,158,91,90,26,64,0,9,3,0,176,"Shane Baz",22264,669358
"Zac Gallen","ARI",13,15,4.828125,33,33,15,0,0,0,0,0,192,813,176,109,103,31,66,1,4,2,0,175,"Zac Gallen",19291,668678
"Yusei Kikuchi","LAA",7,11,3.9869160015617013,33,33,11,0,0,0,0,0,178.1,772,180,87,79,24,74,3,3,8,0,174,"Yusei Kikuchi",20633,579328
"Logan Gilbert","SEA",6,6,3.435114503816794,25,25,8,0,0,0,0,0,131,535,104,53,50,20,31,0,7,10,0,173,"Logan Gilbert",22250,669302
"Gavin Williams","CLE",12,5,3.0596423327492523,31,31,14,0,0,0,0,0,167.2,704,130,62,57,23,83,0,3,9,1,173,"Gavin Williams",30122,668909
"Will Warren","NYY",9,8,4.435318414122357,33,33,6,0,0,0,0,0,162.1,711,158,90,80,22,65,0,4,2,1,171,"Will Warren",30182,701542
"Merrill Kelly","- - -",12,9,3.5217393494734153,32,32,18,0,0,0,0,0,184,748,157,79,72,23,48,0,2,1,2,167,"Merrill Kelly",11156,518876
"Ryan Pepiot","TBR",11,12,3.864811367683266,31,31,14,0,0,0,0,0,167.2,679,134,77,72,26,61,0,6,5,0,167,"Ryan Pepiot",26221,686752
"Chris Bassitt","TOR",11,9,3.9628181222461953,32,31,11,1,0,0,0,0,170.1,736,174,80,75,22,52,0,13,4,3,166,"Chris Bassitt",12304,605135
"Chris Sale","ATL",7,5,2.5782493499141124,21,20,11,0,0,0,0,0,125.2,510,102,38,36,11,32,0,11,3,0,165,"Chris Sale",10603,519242
"Brady Singer","CIN",14,12,4.031434426384313,32,32,15,0,0,0,0,0,169.2,716,150,80,76,19,60,0,14,3,0,163,"Brady Singer",25377,663903
"Luis Castillo","SEA",11,8,3.5369002694302303,32,32,18,0,0,0,0,0,180.2,745,168,76,71,23,46,0,7,3,0,162,"Luis Castillo",15689,622491
"Tanner Bibee","CLE",12,11,4.244972696111779,31,31,12,2,1,0,0,0,182.1,762,170,93,86,27,54,1,10,3,1,162,"Tanner Bibee",30134,676440
"Nick Lodolo","CIN",9,8,3.331915109961659,29,28,14,2,1,0,0,0,156.2,642,138,60,58,22,31,1,13,2,1,156,"Nick Lodolo",26378,666157
"Matthew Boyd","CHC",14,8,3.2059368294643527,31,31,17,0,0,0,0,0,179.2,718,154,69,64,19,42,0,9,2,0,154,"Matthew Boyd",15440,571510
"José Soriano","LAA",10,11,4.260355029585799,31,31,15,0,0,0,0,0,169,724,158,89,80,12,78,0,5,8,0,152,"Jose Soriano",22100,667755
"Ranger Suárez","PHI",12,8,3.2033899340674816,26,26,17,0,0,0,0,0,157.1,651,154,57,56,14,38,0,6,0,0,151,"Ranger Suarez",17277,624133
"Mitch Keller","PIT",6,15,4.185255319209694,32,32,17,0,0,0,0,0,176.1,749,171,91,82,21,51,0,10,5,0,150,"Mitch Keller",17594,656605
"David Peterson","NYM",9,6,4.215415274000524,30,30,15,1,1,0,0,0,168.2,723,166,84,79,11,65,1,7,3,1,150,"David Peterson",20302,656849
"Edward Cabrera","MIA",8,7,3.5302666046856825,26,26,7,0,0,0,0,0,137.2,581,121,60,54,17,48,0,10,8,0,150,"Edward Cabrera",21690,665795
"Charlie Morton","- - -",9,11,5.830986032975949,33,27,9,0,0,0,0,0,142,654,152,94,92,23,72,2,14,3,2,149,"Charlie Morton",4676,450203
"Andrew Abbott","CIN",10,7,2.867735558633611,29,29,11,1,1,0,0,0,166.1,684,148,60,53,19,43,0,3,4,0,149,"Andrew Abbott",29911,671096
"Jack Leiter","TEX",10,10,3.8571431158476184,29,29,10,0,0,0,0,0,151.2,646,127,69,65,18,67,0,5,10,1,148,"Jack Leiter",30146,683004
"Brandon Pfaadt","ARI",13,9,5.247170113454573,33,33,12,0,0,0,0,0,176.2,767,198,107,103,26,37,2,12,3,0,147,"Brandon Pfaadt",27782,694297
"Shane Smith","CHW",7,8,3.8132119776423625,29,29,7,0,0,0,0,0,146.1,616,117,70,62,17,58,1,12,8,0,145,"Shane Smith",31687,681343
"Eduardo Rodriguez","ARI",9,9,5.0151189557767655,29,29,9,0,0,0,0,0,154.1,694,178,94,86,25,60,2,1,4,1,143,"Eduardo Rodriguez",13164,593958
"Sandy Alcantara","MIA",11,12,5.358778938047624,31,31,12,0,0,0,0,0,174.2,745,165,107,104,22,57,0,9,8,2,142,"Sandy Alcantara",18684,645261
"Dean Kremer","BAL",11,10,4.194174889316324,31,29,9,0,0,0,0,0,171.2,708,163,83,80,22,45,0,2,9,1,142,"Dean Kremer",19350,665152
"Casey Mize","DET",14,6,3.865771812080537,28,28,9,0,0,0,0,0,149,627,153,68,64,21,36,1,3,2,0,139,"Casey Mize",20492,663554
"José Berríos","TOR",9,5,4.174698795180723,31,30,14,0,0,0,0,0,166,698,160,86,77,26,56,2,7,1,1,138,"Jose Berrios",14168,621244
"Jeffrey Springs","ATH",11,11,4.105263295266111,32,30,14,0,0,0,0,0,171,713,153,90,78,28,54,0,3,0,3,138,"Jeffrey Springs",17677,605488
"Justin Verlander","SFG",4,11,3.848684210526316,29,29,12,0,0,0,0,0,152,662,155,74,65,16,52,1,6,2,0,137,"Justin Verlander",8700,434378
"George Kirby","SEA",10,8,4.214285714285714,23,23,12,0,0,0,0,0,126,524,121,60,59,15,29,0,7,3,0,137,"George Kirby",25436,669923
"Sean Burke","CHW",4,11,4.220843712410027,28,22,5,0,0,0,0,0,134.1,596,131,76,63,23,63,0,6,2,0,133,"Sean Burke",29878,680732
"Hunter Greene","CIN",7,4,2.7585139970457946,19,19,11,1,1,0,0,0,107.2,420,75,35,33,15,26,0,2,5,0,132,"Hunter Greene",22182,668881
"Quinn Priester","MIL",13,3,3.3177968380917786,29,24,9,0,0,0,0,0,157.1,653,145,62,58,18,50,0,6,4,0,132,"Quinn Priester",25977,682990
"Ryne Nelson","ARI",7,3,3.3896104315920055,33,23,11,0,0,1,0,1,154,619,124,62,58,17,41,0,4,1,0,132,"Ryne Nelson",26253,669194
"Patrick Corbin","TEX",7,11,4.403433620581684,31,30,6,1,0,0,0,0,155.1,663,161,79,76,21,51,1,3,6,0,131,"Patrick Corbin",9323,571578
"Spencer Strider","ATL",7,14,4.452127840250212,23,23,11,0,0,0,0,0,125.1,539,124,63,62,20,51,0,8,1,1,131,"Spencer Strider",27498,675911
"Bryce Elder","ATL",8,11,5.2963754388406725,28,28,14,0,0,0,0,0,156.1,679,167,95,92,24,51,1,6,2,0,131,"Bryce Elder",27779,693821
"Zack Littell","- - -",10,8,3.80892870115991,32,32,17,1,0,0,0,0,186.2,759,174,81,79,36,32,1,7,3,0,130,"Zack Littell",15823,641793
"Nathan Eovaldi","TEX",11,3,1.7307692307692308,22,22,14,1,1,0,0,0,130,496,90,28,25,10,21,1,7,6,0,129,"Nathan Eovaldi",9132,543135
"Clay Holmes","NYM",12,8,3.5311871362881386,33,31,8,0,0,0,0,0,165.2,708,150,74,65,14,66,0,13,6,1,129,"Clay Holmes",13649,605280
"Colin Rea","CHC",11,7,3.953975045283022,32,27,7,0,0,1,0,0,159.1,662,155,73,70,20,44,0,6,2,0,127,"Colin Rea",12317,607067
"Michael Lorenzen","KCR",7,11,4.6376473918347445,27,26,9,0,0,0,0,0,141.2,606,149,76,73,25,39,0,6,12,0,127,"Michael Lorenzen",14843,547179
"Taj Bradley","- - -",6,8,5.046729196866169,27,27,13,0,0,0,0,0,142.2,605,131,88,80,19,56,0,4,7,1,127,"Taj Bradley",22543,671737
"Drew Rasmussen","TBR",10,5,2.76,31,31,8,0,0,0,0,0,150,585,116,47,46,18,37,1,5,3,0,127,"Drew Rasmussen",25385,656876
"Chad Patrick","MIL",3,8,3.5348190166254287,27,23,5,0,0,0,1,0,119.2,503,113,49,47,13,40,1,4,1,0,127,"Chad Patrick",30113,694477
"Michael Wacha","KCR",10,13,3.857143084383524,31,31,13,0,0,0,0,0,172.2,716,166,74,74,15,45,0,4,2,0,126,"Michael Wacha",14078,608379
"Seth Lugo","KCR",8,7,4.149082714013711,26,26,12,0,0,0,0,0,145.1,611,133,70,67,27,55,1,6,5,0,125,"Seth Lugo",12447,607625
"Luis Severino","ATH",8,11,4.536885529620407,29,29,10,0,0,0,0,0,162.2,705,162,93,82,16,50,1,16,3,0,124,"Luis Severino",15890,622663
"Kyle Freeland","COL",5,17,4.979508508119959,31,31,14,0,0,0,0,0,162.2,709,193,105,90,22,38,2,6,2,0,124,"Kyle Freeland",16256,607536
"Jake Irvin","WSN",9,13,5.7,33,33,9,0,0,0,0,0,180,787,195,120,114,38,62,0,6,3,1,124,"Jake Irvin",21504,663623
"Brayan Bello","BOS",11,9,3.3480002043457158,29,28,16,1,0,0,0,0,166.2,700,147,71,62,16,59,0,13,5,0,124,"Brayan Bello",23920,678394
"Grant Holmes","ATL",4,9,3.9913046126194573,22,21,9,0,0,0,0,0,115,492,100,52,51,16,54,1,7,5,0,123,"Grant Holmes",16944,656550
"Dustin May","- - -",7,11,4.964735778751391,25,23,10,0,0,0,0,0,132.1,584,132,78,73,21,56,3,12,1,0,123,"Dustin May",19716,669160
"Matthew Liberatore","STL",8,12,4.213187095772014,29,29,11,0,0,0,0,0,151.2,648,158,79,71,19,40,0,4,6,0,122,"Matthew Liberatore",22294,669461
"Logan Allen","CLE",8,11,4.251064105813151,30,29,7,0,0,0,0,0,156.2,676,157,84,74,18,62,1,6,4,0,122,"Logan Allen",27589,671106
"Lucas Giolito","BOS",10,4,3.413793103448276,26,26,14,0,0,0,0,0,145,613,131,62,55,17,56,0,1,4,0,121,"Lucas Giolito",15474,608337
"Ben Brown","CHC",5,8,5.924765173682577,25,15,3,0,0,1,1,1,106.1,472,121,73,70,18,32,0,4,5,0,121,"Ben Brown",23590,676962
"Bailey Ober","MIN",6,9,5.104783776521227,27,27,8,1,0,0,0,0,146.1,624,159,84,83,30,31,0,5,1,2,120,"Bailey Ober",21224,641927
"Cade Povich","BAL",3,8,5.207715634598808,22,20,3,0,0,0,0,0,112.1,488,125,70,65,17,43,2,1,6,0,118,"Cade Povich",30055,700249
"JP Sears","- - -",9,11,5.041769136279228,27,27,6,0,0,0,0,0,135.2,583,143,79,76,30,36,0,6,1,0,117,"JP Sears",23429,676664
"Shota Imanaga","CHC",9,8,3.7327191564828306,25,25,12,0,0,0,0,0,144.2,567,117,62,60,31,26,0,1,1,0,117,"Shota Imanaga",33829,684007
"Nick Martinez","CIN",11,14,4.454728438605394,40,26,11,0,0,0,5,0,165.2,683,158,86,82,22,42,1,6,6,0,116,"Nick Martinez",12730,607259
"Kris Bubic","KCR",8,7,2.5530087076098034,20,20,11,0,0,0,0,0,116.1,476,98,38,33,6,39,1,3,1,0,116,"Kris Bubic",21455,663460
"Kyle Hendricks","LAA",8,10,4.755061022495843,31,31,11,0,0,0,0,0,164.2,695,167,92,87,25,43,3,5,0,0,114,"Kyle Hendricks",12049,543294
"Noah Cameron","KCR",9,7,2.9927711943760587,24,24,10,0,0,0,0,0,138.1,556,109,46,46,18,43,1,3,3,0,114,"Noah Cameron",30184,702070
"Jacob Lopez","ATH",7,7,4.0791367606145315,21,17,7,0,0,0,0,0,92.2,399,81,47,42,15,37,0,8,0,1,113,"Jacob Lopez",25098,682052
"Chris Paddack","- - -",5,12,5.354430444384592,33,28,6,0,0,1,0,0,158,670,166,98,94,31,37,0,3,5,0,112,"Chris Paddack",20099,663978
"Andre Pallante","STL",6,15,5.311475741994623,31,31,9,0,0,0,0,0,162.2,715,173,109,96,21,62,0,5,12,2,111,"Andre Pallante",26108,669467
"Slade Cecconi","CLE",7,7,4.295454545454546,23,23,11,0,0,0,0,0,132,545,125,66,63,24,32,1,3,3,1,109,"Slade Cecconi",27500,677944
"Kodai Senga","NYM",7,6,3.017647194251888,22,22,6,0,0,0,0,0,113.1,482,94,44,38,12,55,0,3,5,0,109,"Kodai Senga",31838,673540
"Jeremiah Estrada","SDP",4,5,3.452055516084753,77,0,0,0,0,3,30,3,73,304,58,31,28,12,27,2,3,3,0,108,"Jeremiah Estrada",22210,669093
"Joey Cantillo","CLE",5,3,3.20979038104026,34,13,2,0,0,1,1,0,95.1,401,78,39,34,10,42,0,0,2,0,108,"Joey Cantillo",23335,676282
"Spencer Schwellenbach","ATL",7,4,3.0903615167999616,17,17,13,1,0,0,0,0,110.2,434,89,44,38,13,18,1,2,2,0,108,"Spencer Schwellenbach",31846,680885
"Brad Lord","WSN",5,10,4.339285798740111,48,19,5,0,0,0,7,0,130.2,546,126,65,63,17,43,0,3,1,0,108,"Brad Lord",31972,695418
"Simeon Woods Richardson","MIN",7,4,4.041916456188018,23,22,3,0,0,0,0,0,111.1,471,96,53,50,17,46,0,3,4,1,107,"Simeon Woods Richardson",24494,680573
"Tyler Glasnow","LAD",4,3,3.1881920614315504,18,18,7,0,0,0,0,0,90.1,366,56,33,32,10,43,0,3,5,2,106,"Tyler Glasnow",14374,607192
"Tomoyuki Sugano","BAL",10,10,4.643312101910828,30,30,10,0,0,0,0,0,157,675,173,85,81,33,36,2,8,3,1,106,"Tomoyuki Sugano",35321,608372
"Bryan Abreu","HOU",3,4,2.281690386026988,70,0,0,0,0,7,25,5,71,296,51,18,18,4,31,0,4,4,0,105,"Bryan Abreu",16609,650556
"Eury Pérez","MIA",7,6,4.248251974906227,20,20,4,0,0,0,0,0,95.1,385,68,47,45,12,32,0,3,9,2,105,"Eury Perez",27768,691587
"Tyler Anderson","LAA",2,8,4.555012394875241,26,26,6,0,0,0,0,0,136.1,599,135,73,69,28,57,4,3,5,3,104,"Tyler Anderson",12880,542881
"Davis Martin","CHW",7,10,4.100467582094252,26,25,9,0,0,0,0,0,142.2,601,136,74,65,20,48,1,6,2,2,104,"Davis Martin",21448,663436
"Cade Smith","CLE",8,5,2.932127101725873,76,0,0,0,0,16,19,6,73.2,300,55,31,24,4,19,3,4,3,2,104,"Cade Smith",27867,671922
"Mason Miller","- - -",1,2,2.6270273791272545,60,0,0,0,0,22,10,4,61.2,234,28,19,18,5,28,2,1,3,1,104,"Mason Miller",31757,695243
"Edwin Uceta","TBR",10,3,3.789474064623588,70,0,0,0,0,1,21,5,76,321,62,33,32,11,27,3,8,0,3,103,"Edwin Uceta",20539,670955
"Trevor Rogers","BAL",9,3,1.8054711664883034,18,18,13,1,0,0,0,0,109.2,423,70,23,22,6,29,0,2,0,1,103,"Trevor Rogers",22286,669432
"Mitchell Parker","WSN",9,16,5.68421074578485,33,30,11,0,0,1,0,0,164.2,725,178,116,104,25,58,0,4,3,0,103,"Mitchell Parker",27636,680730
"Eric Lauer","TOR",9,2,3.1815287977006124,28,15,4,0,0,0,1,0,104.2,426,90,39,37,15,26,1,2,0,0,102,"Eric Lauer",19316,641778
"Landen Roupp","SFG",7,7,3.7968750905245563,22,22,8,0,0,0,0,0,106.2,476,113,55,45,11,45,1,3,7,1,102,"Landen Roupp",30076,694738
"Miles Mikolas","STL",8,11,4.835821052854527,31,31,8,0,0,0,0,0,156.1,669,169,87,84,29,37,1,3,1,0,100,"Miles Mikolas",9803,571945
"Griffin Jax","- - -",1,7,4.2272732159323505,73,2,0,0,0,0,28,6,66,283,64,33,31,7,21,3,1,0,0,99,"Griffin Jax",20253,643377
"J.T. Ginn","ATH",4,7,5.081180936976171,23,16,2,0,0,0,1,0,90.1,392,92,52,51,17,31,1,6,1,0,99,"J.T. Ginn",27889,669372
"Jameson Taillon","CHC",11,7,3.678663527670698,23,23,14,0,0,0,0,0,129.2,519,110,54,53,24,27,0,0,1,0,98,"Jameson Taillon",11674,592791
"Edwin Díaz","NYM",6,3,1.6281408283590828,62,0,0,0,0,28,0,3,66.1,258,37,14,12,4,21,0,8,7,0,98,"Edwin Diaz",14710,621242
"Cole Ragans","KCR",3,3,4.670270462872086,13,13,2,0,0,0,0,0,61.2,257,53,33,32,7,20,0,2,3,0,98,"Cole Ragans",21846,666142
"Ronny Henriquez","MIA",7,1,2.2191785460544837,69,0,0,0,0,7,26,4,73,303,53,23,18,8,27,2,4,2,2,98,"Ronny Henriquez",24094,678692
"Aaron Nola","PHI",5,10,6.0106010307932625,17,17,6,0,0,0,0,0,94.1,404,99,65,63,18,28,0,4,1,0,97,"Aaron Nola",16149,605400
"Mike Burrows","PIT",2,4,3.937500117346648,23,19,2,0,0,0,0,0,96,402,88,43,42,13,31,1,5,2,0,97,"Mike Burrows",24728,681347
"Ryan Gusto","- - -",7,7,5.665573912212782,27,17,4,0,0,0,0,0,101.2,453,114,67,64,17,36,0,5,0,0,97,"Ryan Gusto",26440,687473
"Cade Horton","CHC",11,4,2.6694916980220795,23,22,5,0,0,0,0,0,118,476,95,40,35,10,33,0,6,1,0,97,"Cade Horton",31872,690990
"Luis Ortiz","CLE",4,9,4.364661779322281,16,16,5,0,0,0,0,0,88.2,382,80,44,43,12,42,0,1,0,0,96,"Luis Ortiz",27646,682847
"Michael Soroka","- - -",3,8,4.516728944794676,22,17,4,0,0,0,1,0,89.2,379,72,49,45,12,29,0,15,2,1,95,"Michael Soroka",18383,647336
"Adrian Houser","- - -",8,5,3.3120001010742217,21,21,11,0,0,0,0,0,125,518,122,49,46,10,38,0,8,5,3,92,"Adrian Houser",12718,605288
"Walker Buehler","- - -",10,7,4.928571465875016,26,24,7,0,0,0,0,0,126,565,130,73,69,22,61,0,11,0,0,92,"Walker Buehler",19374,621111
"Joey Wentz","- - -",5,7,5.602041415997482,39,13,3,0,0,0,0,1,98,442,110,66,61,11,43,3,1,5,0,92,"Joey Wentz",19962,666214
"Sean Newcomb","- - -",2,5,2.7292421403560567,48,5,0,0,0,2,4,0,92.1,391,94,36,28,5,31,2,5,2,0,91,"Sean Newcomb",16943,656794
"Garrett Whitlock","BOS",7,3,2.2500002384186044,62,0,0,0,0,1,24,4,72,293,54,21,18,2,24,2,5,3,0,91,"Garrett Whitlock",20191,676477
"Brendon Little","TOR",4,2,3.029269194594725,79,0,0,0,0,1,30,3,68.1,295,48,28,23,2,45,4,2,7,1,91,"Brendon Little",21574,663893
"Devin Williams","NYY",4,6,4.790322875381155,67,0,0,0,0,18,15,4,62,259,45,37,33,5,25,1,4,4,0,90,"Devin Williams",15816,642207
"Abner Uribe","MIL",3,2,1.6725664846076955,75,0,0,0,0,7,37,2,75.1,298,51,18,14,4,27,2,6,5,1,90,"Abner Uribe",25327,682842
"Jose Quintana","MIL",11,7,3.964557268325788,24,24,8,0,0,0,0,0,131.2,556,120,65,58,18,50,0,5,1,1,89,"Jose Quintana",11423,500779
"Tylor Megill","NYM",5,5,3.9512198062967294,14,14,1,0,0,0,0,0,68.1,305,60,37,30,6,33,0,7,3,0,89,"Tylor Megill",21318,656731
"Carmen Mlodzinski","PIT",5,8,3.545454818683572,34,12,0,0,0,0,3,1,99,419,102,42,39,8,27,0,4,5,0,89,"Carmen Mlodzinski",27572,669387
"Emmet Sheehan","LAD",6,3,2.822727431797793,15,12,3,0,0,0,0,0,73.1,291,49,29,23,7,22,0,2,2,0,89,"Emmet Sheehan",29839,686218
"Aaron Civale","- - -",4,9,4.852941176470588,23,18,3,0,0,1,0,0,102,435,96,59,55,16,33,1,7,0,2,88,"Aaron Civale",19479,650644
"Zebby Matthews","MIN",5,6,5.558823885802189,16,16,4,0,0,0,0,0,79.1,354,94,50,49,12,24,0,0,2,0,88,"Zebby Matthews",31827,805673
"Jacob Misiorowski","MIL",5,3,4.363636552794914,15,14,3,0,0,0,0,0,66,273,51,34,32,8,31,0,3,1,0,87,"Jacob Misiorowski",31623,694819
"Taijuan Walker","PHI",5,8,4.075471844780107,34,21,4,0,0,1,2,2,123.2,538,132,62,56,21,42,0,4,1,0,86,"Taijuan Walker",11836,592836
"Andrew Heaney","- - -",5,10,5.517711229014708,27,23,7,0,0,0,0,0,122.1,536,129,77,75,25,40,0,9,2,0,86,"Andrew Heaney",15423,571760
"David Bednar","- - -",6,5,2.2978725735555376,64,0,0,0,0,27,4,3,62.2,251,46,18,16,4,19,2,1,4,0,86,"David Bednar",19569,670280
"Jonathan Cannon","CHW",4,10,5.816720613971515,22,17,3,0,0,0,0,0,103.2,466,116,69,67,19,38,1,6,2,1,86,"Jonathan Cannon",31730,686563
"Aroldis Chapman","BOS",5,3,1.1739131408287662,67,0,0,0,0,32,4,2,61.1,228,28,9,8,3,15,0,0,6,0,85,"Aroldis Chapman",10233,547973
"Cal Quantrill","- - -",4,12,6.042493097417211,26,26,1,0,0,0,0,0,117.2,513,136,81,79,22,35,0,5,3,0,85,"Cal Quantrill",19312,615698
"Clayton Kershaw","LAD",11,2,3.355029661529127,23,22,6,0,0,0,0,0,112.2,463,102,46,42,8,35,0,2,5,1,84,"Clayton Kershaw",2036,477132
"Steven Okert","HOU",3,2,3.013954156821086,68,1,0,0,0,1,10,1,71.2,276,45,25,24,6,19,1,2,0,0,84,"Steven Okert",13580,595345
"Jeff Hoffman","TOR",9,7,4.367647548860387,71,0,0,0,0,33,0,7,68,287,54,34,33,15,27,1,4,2,0,84,"Jeff Hoffman",17432,656546
"Cam Schlittler","NYY",4,3,2.958904109589041,14,14,5,0,0,0,0,0,73,304,58,24,24,8,31,0,5,3,0,84,"Cam Schlittler",32095,693645
"Germán Márquez","COL",3,16,6.696570190452643,26,26,6,0,0,0,0,0,126.1,591,168,106,94,23,48,1,6,6,0,83,"German Marquez",15038,608566
"Brandon Woodruff","MIL",7,2,3.2010310537212825,12,12,6,0,0,0,0,0,64.2,257,45,26,23,9,14,0,3,1,0,83,"Brandon Woodruff",16162,605540
"Erick Fedde","- - -",4,13,5.489361887768207,32,24,6,1,1,0,1,0,141,623,147,90,86,19,67,1,3,2,0,83,"Erick Fedde",17425,607200
"Bryan Baker","- - -",4,4,4.0631071723185395,73,0,0,0,0,3,19,6,68.2,274,59,33,31,13,17,0,0,2,0,83,"Bryan Baker",19804,641329
"Andrés Muñoz","SEA",3,3,1.7326203562001183,64,0,0,0,0,38,0,7,62.1,254,36,18,12,2,28,3,4,7,0,83,"Andres Munoz",20373,662253
"Max Scherzer","TOR",5,5,5.188235294117647,17,17,6,0,0,0,0,0,85,358,87,49,49,19,23,0,2,2,0,82,"Max Scherzer",3137,453286
"Gabe Speier","SEA",4,3,2.612904029632085,76,0,0,0,0,0,24,6,62,243,43,19,18,5,11,1,5,1,0,82,"Gabe Speier",17170,642100
"Tyler Alexander","- - -",5,14,4.976109781896189,52,5,0,0,0,1,3,2,97.2,423,107,62,54,9,30,5,2,1,2,82,"Tyler Alexander",17735,641302
"Garrett Cleavinger","TBR",2,6,2.347826573709109,67,0,0,0,0,2,21,4,61.1,243,40,17,16,9,18,0,7,1,0,82,"Garrett Cleavinger",17897,664076
"Eduard Bazardo","SEA",5,0,2.516949478013569,73,0,0,0,0,0,12,1,78.2,313,53,23,22,9,27,2,2,2,0,82,"Eduard Bazardo",20997,660825
"Mike Vasil","CHW",5,3,2.495049716982015,47,3,0,0,0,4,2,2,101,423,74,32,28,8,52,5,8,4,2,82,"Mike Vasil",30105,678024
"Chase Dollander","COL",2,12,6.520408670885411,21,21,4,0,0,0,0,0,98,441,103,76,71,18,49,0,6,2,0,82,"Chase Dollander",33482,801403
"Emilio Pagán","CIN",2,4,2.8834952524238977,70,0,0,0,0,32,2,6,68.2,270,41,26,22,10,22,0,2,1,1,81,"Emilio Pagan",14771,641941
"Jimmy Herget","COL",1,2,2.484000379028378,59,0,0,0,0,0,9,1,83.1,347,72,24,23,6,26,1,7,2,2,81,"Jimmy Herget",17556,623474
"Phil Maton","- - -",4,5,2.7880439695767474,63,0,0,0,0,5,22,5,61.1,248,42,21,19,3,23,2,7,1,0,81,"Phil Maton",18064,664208
"Bailey Falter","- - -",7,7,4.452127840250212,26,24,7,0,0,0,0,0,125.1,518,115,68,62,19,46,0,1,5,0,81,"Bailey Falter",20070,663559
"Jordan Leasure","CHW",5,6,3.9170994520887636,68,1,0,0,0,7,14,5,64.1,269,49,30,28,12,30,1,1,3,0,81,"Jordan Leasure",29950,673929
"Jhoan Duran","- - -",7,6,2.057142913195553,72,0,0,0,0,32,1,5,70,287,58,19,16,3,19,4,3,3,0,80,"Jhoan Duran",21029,661395
"Kyle Leahy","STL",4,2,3.0681823501903103,62,1,0,0,0,1,18,4,88,363,80,32,30,5,28,1,1,5,0,80,"Kyle Leahy",24763,681517
"Alex Vesia","LAD",4,2,3.016760483733562,68,0,0,0,0,5,25,4,59.2,237,37,21,20,9,22,3,5,3,0,80,"Alex Vesia",25007,681911
"Reid Detmers","LAA",5,3,3.958115578508185,61,0,0,0,0,3,13,5,63.2,266,58,29,28,6,25,4,2,2,0,80,"Reid Detmers",27468,672282
"Seranthony Domínguez","- - -",4,4,3.1595750771373026,67,0,0,0,0,2,20,3,62.2,261,44,30,22,5,36,2,2,12,0,79,"Seranthony Dominguez",19249,622554
"Randy Vásquez","SDP",6,7,3.8379052551626516,28,26,9,0,0,0,0,0,133.2,570,125,59,57,16,52,1,7,3,1,78,"Randy Vasquez",24719,681190
"Stephen Kolek","- - -",5,7,3.5147929787448,19,19,9,1,1,0,0,0,112.2,461,98,49,44,9,31,1,7,0,0,77,"Stephen Kolek",21487,663568
"Janson Junk","MIA",6,4,4.172727489786711,21,16,6,0,0,1,0,0,110,447,112,54,51,8,13,0,4,2,0,77,"Janson Junk",23301,676083
"Josh Hader","HOU",6,2,2.0506330104119512,48,0,0,0,0,28,0,1,52.2,206,29,16,12,8,16,1,2,2,0,76,"Josh Hader",14212,623352
"Michael King","SDP",5,3,3.436363874703416,15,15,2,1,1,0,0,0,73.1,308,62,31,28,12,26,0,4,2,0,76,"Michael King",19853,650633
"Dylan Lee","ATL",2,4,3.292683539541019,74,0,0,0,0,2,19,7,68.1,266,53,27,25,13,14,1,0,3,3,76,"Dylan Lee",19996,669276
"Jacob Latz","TEX",2,0,2.836576212316872,33,8,1,0,0,1,1,0,85.2,348,69,28,27,7,37,2,0,2,0,76,"Jacob Latz",21306,656641
"Aaron Ashby","MIL",5,2,2.160000329589894,43,1,0,0,0,3,5,0,66.2,270,54,16,16,3,24,0,4,6,0,76,"Aaron Ashby",23550,676879
"Justin Wrobleski","LAD",5,5,4.320000164794928,24,2,0,0,0,2,6,0,66.2,280,65,34,32,6,17,1,3,1,0,76,"Justin Wrobleski",31204,680736
"Scott Barlow","CIN",6,3,4.214634930612505,75,1,0,0,0,1,16,1,68.1,303,50,35,32,8,45,3,6,2,0,75,"Scott Barlow",14993,605130
"Brad Keller","CHC",4,2,2.06698594774835,68,1,0,0,0,3,25,3,69.2,276,45,18,16,4,22,0,6,1,0,75,"Brad Keller",15734,641745
"Sean Manaea","NYM",2,4,5.637363139535953,15,12,0,0,0,0,0,0,60.2,263,62,38,38,13,12,0,7,2,0,75,"Sean Manaea",15873,640455
"Lake Bachar","MIA",8,2,3.9295778870464795,53,1,0,0,0,3,5,1,71,296,55,34,31,10,30,3,3,5,0,75,"Lake Bachar",19222,669199
"Will Vest","DET",6,5,3.0145635533843627,64,0,0,0,0,23,3,7,68.2,284,61,26,23,4,22,1,1,4,0,75,"Will Vest",19769,676684
"Tony Santillan","CIN",1,5,2.4434392514382273,80,0,0,0,0,7,33,4,73.2,301,53,23,20,7,29,0,5,4,0,75,"Tony Santillan",19926,663574
"Louis Varland","- - -",4,3,2.972477480334008,74,1,0,0,0,0,22,2,72.2,296,65,27,24,6,22,1,2,0,0,75,"Louis Varland",27691,686973
"Robert Suarez","SDP",4,6,2.9712919744935826,70,0,0,0,0,40,0,5,69.2,269,47,24,23,6,16,2,2,1,0,75,"Robert Suarez",30115,663158
"Shawn Armstrong","TEX",4,3,2.3108112872997566,71,2,0,0,0,9,12,3,74,284,40,21,19,5,20,0,6,3,0,74,"Shawn Armstrong",12857,542888
"Grant Anderson","MIL",2,6,3.2296655433567967,66,0,0,0,0,0,6,2,69.2,299,59,35,25,8,29,3,2,0,0,74,"Grant Anderson",20546,681982
"Brandon Eisert","CHW",3,8,4.3923456199835575,72,3,0,0,0,2,8,3,69.2,306,75,36,34,12,25,6,5,3,1,74,"Brandon Eisert",27668,685126
"Bryce Miller","SEA",4,6,5.678967109424949,18,18,1,0,0,0,0,0,90.1,392,93,57,57,17,34,0,3,2,0,74,"Bryce Miller",29837,682243
"Jack Dreyer","LAD",3,2,2.9475988547660124,67,5,0,0,0,4,10,1,76.1,307,56,26,25,4,24,5,0,1,0,74,"Jack Dreyer",30249,676263
"Antonio Senzatela","COL",4,15,6.646154333712822,30,23,2,0,0,0,0,0,130,618,192,103,96,22,47,2,8,9,1,73,"Antonio Senzatela",15488,622608
"Pablo López","MIN",5,4,2.735682911328653,14,14,4,0,0,0,0,0,75.2,312,64,28,23,6,20,0,4,1,2,73,"Pablo Lopez",17085,641154
"Raisel Iglesias","ATL",4,6,3.2079210344009423,70,0,0,0,0,29,2,5,67.1,266,51,25,24,8,16,2,2,0,0,73,"Raisel Iglesias",17130,628452
"Tyler Kinley","- - -",6,3,3.9633032030835427,73,0,0,0,0,3,13,3,72.2,308,53,35,32,6,33,4,3,6,1,73,"Tyler Kinley",18297,641755
"Clarke Schmidt","NYY",4,4,3.3177967174270346,14,14,7,0,0,0,0,0,78.2,316,56,29,29,9,30,0,1,2,2,73,"Clarke Schmidt",19899,657376
"Ryan Zeferjahn","LAA",6,5,4.736842739284949,62,1,0,0,0,2,17,5,57,257,49,31,30,12,35,3,4,3,0,73,"Ryan Zeferjahn",25420,666171
"Hunter Gaddis","CLE",2,2,3.1050004737854726,73,0,0,0,0,3,35,4,66.2,274,58,24,23,8,21,2,1,2,0,73,"Hunter Gaddis",25636,683769
"Ryan Bergert","- - -",2,2,3.655022077603541,19,15,1,0,0,0,0,0,76.1,323,61,32,31,8,35,1,1,2,0,73,"Ryan Bergert",29863,686701
"Fernando Cruz","NYY",3,4,3.5625008493663906,49,0,0,0,0,2,16,1,48,200,33,21,19,5,24,0,3,5,0,72,"Fernando Cruz",7048,518585
"Blake Snell","LAD",5,4,2.3478261356317716,11,11,5,0,0,0,0,0,61.1,254,51,21,16,3,26,1,0,7,0,72,"Blake Snell",13543,605483
"Luke Weaver","NYY",4,4,3.6185572702556916,64,0,0,0,0,8,21,4,64.2,262,46,28,26,10,20,1,1,1,0,72,"Luke Weaver",16918,596133
"Camilo Doval","- - -",4,3,3.581633036457406,69,0,0,0,0,16,10,6,65.1,278,51,34,26,4,35,1,3,4,4,72,"Camilo Doval",21992,666808
"Keider Montero","DET",5,3,4.3676471813327336,20,12,2,0,0,0,0,0,90.2,389,95,46,44,16,31,0,2,2,0,72,"Keider Montero",22630,672456
"Jack Kochanowicz","LAA",3,11,6.810811278940237,23,23,4,0,0,0,0,0,111,512,136,89,84,21,58,4,7,4,1,72,"Jack Kochanowicz",27688,686799
"Colton Gordon","HOU",6,4,5.337209302325581,20,14,1,0,0,1,0,0,86,379,103,54,51,21,19,2,2,3,1,72,"Colton Gordon",31312,676467
"Braxton Ashcraft","PIT",4,4,2.7129187593202273,26,8,0,0,0,0,4,1,69.2,292,63,22,21,3,24,1,2,1,0,71,"Braxton Ashcraft",23793,677952
"Jose A. Ferrer","WSN",4,4,4.480350091317871,72,0,0,0,0,11,21,4,76.1,324,81,41,38,5,16,1,7,6,0,71,"Jose A. Ferrer",24017,678606
"Ben Casparius","LAD",7,5,4.635193626317996,46,3,0,0,0,2,13,0,77.2,333,78,41,40,8,21,0,3,1,0,71,"Ben Casparius",30085,676508
"Jason Adam","SDP",8,4,1.9285715787125863,65,0,0,0,0,0,29,2,65.1,270,50,18,14,4,25,3,3,3,0,70,"Jason Adam",11861,592094
"Matt Strahm","PHI",2,3,2.7433157318699255,66,0,0,0,0,6,22,4,62.1,256,47,22,19,5,20,1,2,3,0,70,"Matt Strahm",13799,621381
"Gregory Soto","- - -",1,5,4.176796988571585,70,0,0,0,0,1,22,1,60.1,279,62,33,28,4,24,1,11,10,0,70,"Gregory Soto",19677,642397
"Griffin Canning","NYM",7,3,3.7729260155907522,16,16,3,0,0,0,0,0,76.1,328,70,35,32,8,35,0,0,3,0,70,"Griffin Canning",19867,656288
"Adrian Morejon","SDP",13,6,2.0769235788221074,75,0,0,0,0,3,20,4,73.2,286,49,23,17,2,17,3,0,2,0,70,"Adrian Morejon",20039,670970
"Justin Sterner","ATH",4,3,3.184615945308265,59,1,0,0,0,0,16,6,65,266,47,24,23,10,21,2,7,1,0,70,"Justin Sterner",27694,686993
"Bryan King","HOU",5,4,2.779412388389226,68,0,0,0,0,2,27,3,68,275,60,21,21,10,11,0,4,3,0,69,"Bryan King",25890,687911
"Yu Darvish","SDP",5,5,5.375,15,15,3,0,0,0,0,0,72,296,66,44,43,14,19,0,6,4,0,68,"Yu Darvish",13074,506433
"Osvaldo Bido","ATH",2,5,5.874477456262617,26,10,0,0,0,1,0,0,79.2,363,93,56,52,19,35,1,6,0,0,68,"Osvaldo Bido",23150,674370
"Juan Mejia","COL",2,2,3.9619568502970863,55,0,0,0,0,1,12,3,61.1,261,52,34,27,6,25,1,6,2,0,68,"Juan Mejia",23237,675848
"Robert Garcia","TEX",4,8,2.9531257040800343,71,0,0,0,0,9,15,7,64,269,58,26,21,8,22,2,1,1,1,68,"Robert Garcia",23363,676395
"Max Meyer","MIA",3,5,4.731958948979287,12,12,5,0,0,0,0,0,64.2,285,72,39,34,12,20,0,2,0,1,68,"Max Meyer",27474,676974
"Jared Koenig","MIL",6,1,2.8636366946638505,72,0,0,0,0,2,27,2,66,268,57,21,21,6,20,1,4,1,0,68,"Jared Koenig",27517,657649
"Matt Svanson","STL",4,0,1.9392268054306208,39,0,0,0,0,0,5,0,60.1,234,33,14,13,3,20,0,4,1,0,68,"Matt Svanson",29629,694335
"Brant Hurter","DET",4,3,2.4285719432529147,43,4,0,0,0,2,5,0,63,277,57,26,17,4,27,3,11,2,0,68,"Brant Hurter",30133,676428
"Hayden Birdsong","SFG",4,4,4.796954500496743,21,10,1,0,0,0,3,0,65.2,298,61,42,35,10,37,0,5,6,0,68,"Hayden Birdsong",31635,806185
"Randy Rodríguez","SFG",3,5,1.7763160123719683,50,0,0,0,0,4,13,3,50.2,198,34,12,10,4,11,0,4,2,0,67,"Randy Rodriguez",23974,678495
"Chase Burns","CIN",0,3,4.569231003868522,13,8,2,0,0,0,1,0,43.1,188,41,25,22,5,16,0,0,0,0,67,"Chase Burns",35333,695505
"Tyler Mahle","TEX",6,4,2.1807692947613435,16,16,7,0,0,0,0,0,86.2,346,69,21,21,5,29,0,0,0,1,66,"Tyler Mahle",16358,641816
"Jake Bird","- - -",4,2,5.53012109748482,48,0,0,0,0,0,10,6,55.1,248,60,37,34,7,25,4,3,4,0,66,"Jake Bird",21267,656234
"Mitch Spence","ATH",3,6,5.102362817762819,32,8,0,0,0,1,4,0,84.2,375,96,57,48,16,26,2,4,1,0,66,"Mitch Spence",27707,687765
"Yariel Rodríguez","TOR",3,2,3.082192425075672,66,1,0,0,0,2,14,1,73,298,50,26,25,8,34,3,6,2,2,66,"Yariel Rodriguez",33838,684320
"Trevor Williams","WSN",3,10,6.205645352198858,17,17,1,0,0,0,0,0,82.2,373,106,59,57,11,21,0,2,1,0,65,"Trevor Williams",16977,592866
"Jason Alexander","- - -",4,2,4.771552096808737,18,13,5,0,0,1,0,0,77.1,336,80,45,41,15,26,0,3,1,0,65,"Jason Alexander",19666,669920
"Hogan Harris","ATH",2,1,3.201031431380035,48,0,0,0,0,4,3,0,64.2,277,54,26,23,5,33,4,1,1,0,65,"Hogan Harris",21520,663687
"Reese Olson","DET",4,4,3.1456311844624336,13,13,3,0,0,0,0,0,68.2,285,58,24,24,5,25,2,5,2,0,65,"Reese Olson",24968,681857
"Jackson Rutledge","WSN",4,2,5.768182818357783,63,0,0,0,0,0,3,0,73.1,330,87,49,47,16,24,0,7,6,0,65,"Jackson Rutledge",26215,671131
"Orion Kerkering","PHI",8,4,3.3000004196167527,69,0,0,0,0,4,19,7,60,266,55,28,22,6,27,3,4,5,0,65,"Orion Kerkering",31776,689147
"Andrew Kittredge","- - -",4,3,3.3962267817616136,54,0,0,0,0,5,15,1,53,208,41,22,20,7,11,1,0,1,0,64,"Andrew Kittredge",12828,552640
"Reed Garrett","NYM",3,6,3.903615354886194,58,1,0,0,0,3,20,7,55.1,238,47,27,24,5,26,2,1,3,0,64,"Reed Garrett",16866,657585
"Cole Sands","MIN",4,6,4.500000476837209,69,3,0,0,0,3,13,4,72,299,65,41,36,7,19,2,4,3,0,64,"Cole Sands",21461,663485
"Tyler Holton","DET",6,5,3.661017600094967,70,6,0,0,0,0,17,4,78.2,312,65,34,32,15,17,1,0,3,0,64,"Tyler Holton",26231,663947
"Emerson Hancock","SEA",4,5,4.9000003115336295,22,16,5,0,0,0,0,0,90,385,93,51,49,15,31,0,5,2,1,64,"Emerson Hancock",27470,676106
"Graham Ashcraft","CIN",8,5,3.994898736700474,62,0,0,0,0,0,23,6,65.1,284,68,37,29,2,25,0,0,5,0,64,"Graham Ashcraft",27552,668933
"Ian Seymour","TBR",4,3,3.631579068889252,19,5,1,0,0,0,0,1,57,242,48,33,23,5,19,1,3,0,0,64,"Ian Seymour",27932,693855
"Wandy Peralta","SDP",6,1,3.1395357889123354,71,1,0,0,0,0,4,1,71.2,313,66,29,25,5,30,3,2,1,1,63,"Wandy Peralta",14295,593974
"Ryan Helsley","- - -",3,4,4.500000306538194,58,0,0,0,0,21,1,9,56,252,61,32,28,8,25,3,1,7,0,63,"Ryan Helsley",18138,664854
"Corbin Burnes","ARI",3,2,2.6580312982297354,11,11,7,0,0,0,0,0,64.1,265,49,23,19,7,26,1,3,1,2,63,"Corbin Burnes",19361,669203
"Mason Montgomery","TBR",1,3,5.673914455060824,57,0,0,0,0,1,10,3,46,209,49,32,29,6,27,0,1,1,0,63,"Mason Montgomery",29770,682254
"Enyel De Los Santos","- - -",6,3,4.363637372482155,65,0,0,0,0,0,6,2,66,280,61,35,32,7,24,2,2,2,1,62,"Enyel De Los Santos",18403,660853
"Shohei Ohtani","LAD",1,1,2.872340425531915,14,14,1,0,0,0,0,0,47,188,40,15,15,3,9,0,0,10,0,62,"Shohei Ohtani",19755,660271
"John Schreiber","KCR",3,3,3.796876131557265,74,0,0,0,0,1,23,4,64,265,57,29,27,10,19,1,1,2,0,62,"John Schreiber",20020,670167
"Braydon Fisher","TOR",7,0,2.7000005664826627,52,1,0,0,0,0,5,1,50,202,32,15,15,4,19,1,3,0,0,62,"Braydon Fisher",24609,680755
"Tanner Gordon","COL",6,8,6.331858834586276,15,15,7,0,0,0,0,0,75.1,337,96,60,53,16,17,0,3,1,1,62,"Tanner Gordon",27669,685299
"Lance McCullers Jr.","HOU",2,5,6.506024245894656,16,13,3,0,0,0,0,0,55.1,274,61,45,40,10,39,0,7,1,0,61,"Lance McCullers Jr.",14120,621121
"Anthony Banda","LAD",5,1,3.184616273839341,71,1,0,0,0,0,11,1,65,268,45,23,23,8,34,6,2,7,0,61,"Anthony Banda",14706,607455
"Tanner Banks","PHI",6,2,3.07425765796757,69,1,0,0,0,1,10,3,67.1,267,56,24,23,9,12,1,1,2,0,61,"Tanner Banks",16990,621383
"Jorge Alcala","- - -",0,2,6.218182788565291,56,0,0,0,0,0,5,2,55,257,66,44,38,13,30,1,1,6,2,61,"Jorge Alcala",19459,660896
"Daniel Palencia","CHC",1,6,2.9050636418334914,54,0,0,0,0,22,6,3,52.2,215,44,19,17,5,16,1,2,2,0,61,"Daniel Palencia",27914,694037
"Spencer Bivens","SFG",4,3,4.000000376760259,54,0,0,0,0,3,4,0,81,343,83,42,36,6,25,1,5,3,0,61,"Spencer Bivens",30226,702352
"Yuki Matsui","SDP",3,1,3.978948167288563,61,0,0,0,0,1,3,0,63.1,272,53,29,28,10,33,2,1,5,0,61,"Yuki Matsui",33826,673513
"Tanner Scott","LAD",1,4,4.736842739284949,61,0,0,0,0,23,8,10,57,238,54,33,30,11,18,2,4,2,0,60,"Tanner Scott",17586,656945
"Trevor Megill","MIL",6,3,2.4893619041736605,50,0,0,0,0,30,0,6,47,192,36,16,13,3,17,3,0,2,0,60,"Trevor Megill",17722,656730
"Dennis Santana","PIT",4,5,2.1753556075511487,70,0,0,0,0,16,12,3,70.1,270,44,18,17,5,17,0,3,0,0,60,"Dennis Santana",17878,642701
"Ryan Walker","SFG",5,7,4.108696248445796,68,0,0,0,0,17,9,6,61.1,266,60,32,28,4,18,2,8,1,2,60,"Ryan Walker",20423,676254
"Steven Matz","- - -",5,2,3.052174545821842,53,2,0,0,0,2,13,3,76.2,309,73,31,26,8,11,0,2,3,0,59,"Steven Matz",13361,571927
"Pierce Johnson","ATL",3,3,3.0508482466483025,65,0,0,0,0,1,16,3,59,238,52,21,20,8,19,2,1,2,0,59,"Pierce Johnson",13435,572955
"Pete Fairbanks","TBR",4,5,2.8342543825817113,61,0,0,0,0,27,0,5,60.1,244,45,22,19,7,18,0,1,2,0,59,"Pete Fairbanks",17998,664126
"Keegan Akin","BAL",5,4,3.4105268978214993,64,3,0,0,0,8,16,6,63.1,268,54,28,24,10,33,2,1,2,0,59,"Keegan Akin",19362,669211
"Calvin Faucher","MIA",4,4,3.281768232463034,65,0,0,0,0,15,7,5,60.1,255,53,27,22,8,24,0,3,2,0,59,"Calvin Faucher",20116,676534
"Bennett Sousa","HOU",5,1,2.842105619795149,44,0,0,0,0,4,7,2,50.2,199,37,18,16,4,15,0,0,4,0,59,"Bennett Sousa",21345,656986
"Logan Evans","SEA",6,5,4.315574040370631,16,15,2,0,0,0,0,1,81.1,350,82,45,39,13,31,1,4,5,0,59,"Logan Evans",33699,688138
"Rafael Montero","- - -",1,2,4.475138923237855,59,0,0,0,0,0,8,1,60.1,253,42,34,30,5,37,2,0,0,0,58,"Rafael Montero",12760,606160
"Hoby Milner","TEX",3,4,3.838863669694995,73,0,0,0,0,0,18,4,70.1,293,68,35,30,5,21,3,2,0,0,58,"Hoby Milner",13346,571948
"Ryne Stanek","NYM",4,6,5.303572873680353,65,0,0,0,0,3,11,5,56,255,56,39,33,7,32,0,0,5,0,58,"Ryne Stanek",15947,592773
"Jacob Webb","TEX",5,4,3.0000003467907006,55,0,0,0,0,1,7,2,66,267,49,24,22,10,19,2,2,0,0,58,"Jacob Webb",19274,657097
"Jordan Hicks","- - -",2,7,6.950495672978589,34,9,2,0,0,2,2,1,67.1,314,80,56,52,6,32,1,8,10,0,58,"Jordan Hicks",19618,663855
"Angel Zerpa","KCR",5,2,4.175258881355056,69,2,0,0,0,0,14,4,64.2,275,67,30,30,7,22,0,2,1,1,58,"Angel Zerpa",22717,672582
"Yoendrys Gómez","- - -",3,3,5.170212897093065,21,9,0,0,0,1,0,0,62.2,277,60,40,36,12,27,0,4,2,0,58,"Yoendrys Gomez",22872,672782
"José Buttó","- - -",5,3,3.8955232752383275,55,0,0,0,0,1,6,4,67,284,62,31,29,4,32,2,2,3,1,58,"Jose Butto",23313,676130
"Matt Brash","SEA",1,3,2.4718314507395824,53,0,0,0,0,4,21,1,47.1,199,41,15,13,4,18,2,2,0,0,58,"Matt Brash",25756,666374
"Joe Boyle","TBR",1,4,4.673076923076923,13,9,1,0,0,0,0,0,52,226,43,33,27,6,28,1,3,2,0,58,"Joe Boyle",29608,671212
"Michael McGreevy","STL",8,4,4.421602816841596,17,16,7,0,0,0,0,0,95.2,400,100,50,47,12,20,0,3,0,1,58,"Michael McGreevy",29869,700241
"Kenley Jansen","LAA",5,4,2.59322050665002,62,0,0,0,0,29,0,1,59,234,37,18,17,8,19,2,1,0,3,57,"Kenley Jansen",3096,445276
"Justin Wilson","BOS",4,1,3.351725284245687,61,0,0,0,0,0,18,4,48.1,207,48,22,18,3,20,3,2,3,0,57,"Justin Wilson",4301,458677
"Huascar Brazobán","NYM",5,2,3.5714292201867277,52,3,0,0,0,2,12,4,63,262,51,29,25,6,27,1,4,2,0,57,"Huascar Brazoban",6107,623211
"Drew Pomeranz","CHC",2,2,2.1744970479134067,57,4,0,0,0,1,14,2,49.2,203,38,14,12,5,15,1,5,1,0,57,"Drew Pomeranz",11426,519141
"Greg Weissert","BOS",6,6,2.8208958436078704,72,0,0,0,0,4,17,9,67,278,57,27,21,6,21,1,3,1,0,57,"Greg Weissert",20375,669711
"Nolan McLean","NYM",5,1,2.0625,8,8,4,0,0,0,0,0,48,188,34,13,11,4,16,0,2,2,0,57,"Nolan McLean",33703,690997
"Caleb Thielbar","CHC",3,4,2.6379317284766173,67,0,0,0,0,1,25,3,58,220,38,17,17,5,13,1,0,0,0,56,"Caleb Thielbar",10078,573204
"Matt Festa","CLE",5,4,4.115854998843727,63,0,0,0,0,0,12,2,54.2,226,44,29,25,4,15,2,5,1,1,56,"Matt Festa",19330,670036
"Mason Fluharty","TOR",5,2,4.443039476480428,55,0,0,0,0,1,5,2,52.2,215,36,28,26,6,24,4,2,1,0,56,"Mason Fluharty",31553,689254
"Kumar Rocker","TEX",4,5,5.735751748811534,14,14,3,0,0,0,0,0,64.1,287,71,42,41,11,23,0,4,6,0,56,"Kumar Rocker",31843,677958
"Jakob Junis","CLE",4,1,2.9700004531861044,57,0,0,0,0,0,6,0,66.2,274,64,24,22,5,18,2,4,0,0,55,"Jakob Junis",13619,596001
"Kyle Finnegan","- - -",4,4,3.473684675475629,56,0,0,0,0,24,3,7,57,229,45,24,22,4,18,2,1,6,0,55,"Kyle Finnegan",15009,640448
"Ryan Yarbrough","NYY",3,1,4.359375259839013,19,8,2,0,0,1,0,0,64,264,58,31,31,13,19,0,2,0,0,55,"Ryan Yarbrough",16502,642232
"JoJo Romero","STL",4,6,2.065574287182989,65,0,0,0,0,8,24,1,61,255,47,21,14,2,29,5,2,2,0,55,"JoJo Romero",19574,668941
"Casey Legumina","SEA",4,6,5.617450383519215,48,1,0,0,0,0,3,0,49.2,219,47,36,31,7,25,2,2,1,0,55,"Casey Legumina",25921,668984
"Hurston Waldrep","ATL",6,1,2.8757398072496567,10,9,4,0,0,0,0,0,56.1,229,45,18,18,3,22,1,3,0,0,55,"Hurston Waldrep",33527,694462
"Shelby Miller","- - -",4,3,2.7391306051459896,48,0,0,0,0,10,9,5,46,186,33,17,14,5,15,4,4,1,0,54,"Shelby Miller",10197,571946
"Carlos Estévez","KCR",4,5,2.4545457382833007,67,0,0,0,0,42,0,6,66,269,48,22,18,5,22,6,4,2,1,54,"Carlos Estevez",14542,608032
"Mark Leiter Jr.","NYY",6,7,4.841380584027674,59,0,0,0,0,2,14,4,48.1,219,57,31,26,5,17,0,4,8,0,54,"Mark Leiter Jr.",15551,643410
"Tyler Ferguson","ATH",4,2,4.655173332314327,56,0,0,0,0,2,11,3,58,246,43,32,30,4,34,2,4,1,0,54,"Tyler Ferguson",19481,621053
"Bowden Francis","TOR",2,8,6.046875360421858,14,14,3,0,0,0,0,0,64,288,71,46,43,19,27,0,6,3,0,54,"Bowden Francis",20548,670102
"Carlos Vargas","SEA",5,5,3.9740267615433256,70,0,0,0,0,1,14,7,77,331,81,39,34,10,23,4,7,5,1,54,"Carlos Vargas",22915,672841
"Valente Bellozo","MIA",1,4,4.647541165255764,32,6,0,0,0,0,1,0,81.1,348,85,44,42,15,23,0,4,0,1,54,"Valente Bellozo",23899,678368
"Grant Taylor","CHW",2,4,4.909091249576308,36,2,0,0,0,6,9,1,36.2,157,37,20,20,0,15,1,0,5,0,54,"Grant Taylor",33927,691799
"Taylor Rogers","- - -",3,2,3.3750005505587826,57,0,0,0,0,0,10,1,50.2,221,47,25,19,7,23,2,3,0,0,53,"Taylor Rogers",13449,573124
"Brent Suter","CIN",1,2,4.5221679125788565,48,3,0,0,0,0,0,1,67.2,291,69,38,34,11,18,1,2,2,0,53,"Brent Suter",13942,608718
"Yennier Cano","BAL",3,7,5.12069066554576,65,0,0,0,0,2,17,5,58,251,62,36,33,7,24,1,3,2,1,53,"Yennier Cano",25911,666974
"David Festa","MIN",3,4,5.400000321865101,11,10,1,0,0,0,0,0,53.1,229,49,35,32,10,19,0,4,1,0,53,"David Festa",30056,701581
"Kirby Yates","LAD",4,3,5.225807094673291,50,0,0,0,0,3,15,2,41.1,178,38,26,24,9,17,0,1,1,0,52,"Kirby Yates",9073,489446
"Brock Burke","LAA",7,1,3.3567575181359515,69,1,0,0,0,0,15,5,61.2,257,58,24,23,8,18,4,3,0,1,52,"Brock Burke",17968,656271
"Tyler Phillips","MIA",2,1,2.7811161757907974,54,1,0,0,0,4,8,0,77.2,313,65,26,24,8,24,0,2,6,0,52,"Tyler Phillips",20629,663969
"Brandon Walter","HOU",1,3,3.3540374260203403,9,9,6,0,0,0,0,0,53.2,212,46,20,20,10,4,0,3,0,0,52,"Brandon Walter",26056,687888
"Cole Henry","WSN",1,2,4.272153033333389,57,0,0,0,0,2,9,0,52.2,241,43,27,25,7,32,1,11,2,1,52,"Cole Henry",27570,669371
"Aaron Bummer","ATL",3,2,3.809817043146678,42,2,0,0,0,0,2,0,54.1,235,51,27,23,3,17,4,11,1,0,51,"Aaron Bummer",16258,607481
"Caleb Ferguson","- - -",5,4,3.5816336638331534,70,0,0,0,0,0,14,5,65.1,270,54,27,26,2,22,3,6,1,0,51,"Caleb Ferguson",19349,657571
"Steven Wilson","CHW",2,2,3.4156634355254196,59,0,0,0,0,2,9,7,55.1,241,50,21,21,7,22,2,3,2,0,51,"Steven Wilson",20353,621051
"Tommy Kahnle","DET",1,5,4.4285722330315425,66,0,0,0,0,9,16,5,63,267,51,32,31,8,31,0,1,3,0,50,"Tommy Kahnle",11384,592454
"Zach Eflin","BAL",6,5,5.929906964874764,14,14,6,0,0,0,0,0,71.1,309,88,48,47,18,13,0,2,1,0,50,"Zach Eflin",13774,621107
"Félix Bautista","BAL",1,1,2.5961540366065714,35,0,0,0,0,19,0,1,34.2,142,16,10,10,3,23,0,0,1,0,50,"Felix Bautista",20666,642585
"Elvis Alvarado","ATH",1,1,3.1889767611017614,37,0,0,0,0,0,4,1,42.1,183,34,17,15,6,22,1,2,2,0,50,"Elvis Alvarado",21662,665660
"David Morgan","SDP",1,2,2.6619722779321466,41,2,0,0,0,0,1,0,47.1,193,35,14,14,4,23,1,2,2,0,50,"David Morgan",31616,688158
"Dietrich Enns","- - -",3,3,4.079137054476167,24,3,0,0,0,2,4,0,46.1,200,50,25,21,6,15,4,0,1,0,49,"Dietrich Enns",13932,608650
"Justin Topa","MIN",1,5,3.9000004959107075,54,1,0,0,0,4,4,4,60,268,68,32,26,2,18,3,4,0,0,49,"Justin Topa",15145,623437
"Tyler Gilbert","CHW",4,2,3.8823536671570547,46,5,0,0,0,1,5,0,51,215,40,24,22,5,24,3,2,2,0,49,"Tyler Gilbert",17964,656457
"Kaleb Ort","HOU",2,2,4.891305159080366,49,0,0,0,0,1,3,0,46,194,35,26,25,8,27,1,0,2,0,49,"Kaleb Ort",20061,672391
"Connor Brogdon","LAA",3,2,5.553192841515928,43,0,0,0,0,0,4,0,47,199,45,31,29,11,18,4,0,2,0,49,"Connor Brogdon",21205,641401
"Victor Vodnik","COL",4,3,3.019737221032346,52,0,0,0,0,10,7,5,50.2,215,45,19,17,4,26,2,0,4,0,49,"Victor Vodnik",24614,680767
"Luis García","- - -",2,2,3.4156631411792486,58,0,0,0,0,2,12,1,55.1,233,55,23,21,2,26,5,0,9,0,48,"Luis Garcia",6984,472610
"Tyler Rogers","- - -",4,6,1.9784484059858918,81,0,0,0,0,0,32,2,77.1,299,66,20,17,4,7,0,1,0,0,48,"Tyler Rogers",15541,643511
"Lucas Erceg","KCR",8,4,2.641304731143726,61,0,0,0,0,2,22,5,61.1,249,54,19,18,4,18,3,4,3,0,48,"Lucas Erceg",19360,668674
"Ronel Blanco","HOU",3,4,4.09655183191107,9,9,4,0,0,0,0,0,48.1,199,37,22,22,7,20,0,0,0,0,48,"Ronel Blanco",19407,669854
"Jordan Romano","PHI",2,4,8.226563725853522,49,0,0,0,0,8,7,3,42.2,187,45,40,39,10,17,1,3,0,1,47,"Jordan Romano",16122,605447
"Jalen Beeks","ARI",5,3,3.7674426960263574,61,2,0,0,0,1,14,2,57.1,231,42,26,24,6,20,2,2,1,0,47,"Jalen Beeks",17192,656222
"Emmanuel Clase","CLE",5,3,3.232394713538233,48,0,0,0,0,24,1,5,47.1,201,46,20,17,2,12,2,4,4,0,47,"Emmanuel Clase",21032,661403
"Kyle Bradish","BAL",1,1,2.53125,6,6,3,0,0,0,0,0,32,126,23,9,9,3,10,0,1,0,0,47,"Kyle Bradish",24586,680694
"Brandon Young","BAL",1,7,6.2427748417837705,12,12,2,0,0,0,0,0,57.2,256,67,42,40,12,22,0,0,0,0,47,"Brandon Young",27819,687064
"Jonathan Bowlan","KCR",1,2,3.8571432996641803,34,1,0,0,0,0,2,0,44.1,180,37,21,19,6,17,0,0,1,0,46,"Jonathan Bowlan",24607,680742
"Nick Mears","MIL",5,3,3.494118509523809,63,0,0,0,0,1,16,6,56.2,221,42,25,22,7,13,1,1,2,0,46,"Nick Mears",25376,683232
"Yohan Ramírez","PIT",3,3,5.400000823974735,24,0,0,0,0,0,1,0,33.1,155,33,25,20,4,16,1,4,4,0,45,"Yohan Ramirez",19444,670990
"Riley O'Brien","STL",3,1,2.0625003278255982,42,0,0,0,0,6,6,3,48,199,33,13,11,2,22,2,7,3,0,45,"Riley O'Brien",20348,676617
"Isaac Mattson","PIT",3,3,2.4545457819352827,44,0,0,0,0,0,12,3,47.2,198,35,14,13,4,19,2,2,0,0,45,"Isaac Mattson",20385,676755
"Daniel Lynch IV","KCR",6,2,3.059113932835119,57,2,0,0,0,1,7,0,67.2,289,66,24,23,8,26,1,6,1,0,45,"Daniel Lynch IV",21537,663738
"Tim Herrin","CLE",5,4,4.851564090466648,54,0,0,0,0,0,15,2,42.2,194,37,23,23,5,30,2,6,2,0,45,"Tim Herrin",25139,682120
"Hunter Dobbins","BOS",4,1,4.131147540983607,13,11,3,0,0,0,0,1,61,256,61,30,28,6,17,1,2,0,0,45,"Hunter Dobbins",30240,690928
"Martín Pérez","CHW",1,6,3.5357144663528612,11,10,5,0,0,0,0,0,56,228,40,23,22,6,22,0,2,0,0,44,"Martin Perez",6902,527048
"Brock Stewart","- - -",2,2,2.628319160801526,43,0,0,0,0,0,16,1,37.2,159,32,11,11,3,13,2,4,1,0,44,"Brock Stewart",16727,592779
"Taylor Clarke","KCR",1,1,3.2530123472110195,51,0,0,0,0,1,5,1,55.1,206,38,20,20,8,9,0,1,5,0,44,"Taylor Clarke",17611,664199
"Mason Englert","TBR",0,1,3.8283584269257975,29,0,0,0,0,0,1,0,44.2,185,43,20,19,4,11,0,1,2,0,44,"Mason Englert",22288,669438
"Chris Martin","TEX",2,6,2.9763785785660044,49,0,0,0,0,2,13,3,42.1,174,43,18,14,6,8,3,1,2,0,43,"Chris Martin",11847,455119
"Danny Coulombe","- - -",2,1,2.3023261941402864,55,1,0,0,0,2,9,0,43,176,32,11,11,3,18,0,0,1,0,43,"Danny Coulombe",13293,543056
"Brennan Bernardino","BOS",4,3,3.1354847198075797,55,3,0,0,0,1,2,0,51.2,224,39,23,18,1,26,5,3,3,0,43,"Brennan Bernardino",16835,657514
"Angel Chivilli","COL",1,5,7.0568198642951465,43,0,0,0,0,0,1,0,58.2,275,76,49,46,13,23,1,6,4,0,43,"Angel Chivilli",26790,683409
"Cade Gibson","MIA",4,5,2.6341468316328154,44,1,0,0,0,0,4,2,54.2,230,44,18,16,3,21,3,6,6,0,43,"Cade Gibson",31815,806188
"Luis Morales","ATH",4,3,3.143835780723038,10,9,3,0,0,0,0,0,48.2,199,38,18,17,8,18,0,1,2,0,43,"Luis Morales",32227,806960
"Kolby Allard","CLE",2,2,2.6307695009581713,33,2,0,0,0,0,3,0,65,266,64,22,19,5,14,3,1,0,0,42,"Kolby Allard",18694,663465
"Ian Hamilton","NYY",2,1,4.275000815391696,36,1,0,0,0,0,4,0,40,166,28,20,19,5,22,1,1,2,0,42,"Ian Hamilton",19261,641656
"Anthony Bender","MIA",3,5,2.160000329589894,51,0,0,0,0,4,19,3,50,204,32,13,12,3,21,2,2,1,0,42,"Anthony Bender",19742,669622
"Johan Oviedo","PIT",2,1,3.57024804644145,9,9,0,0,0,0,0,0,40.1,170,26,17,16,6,23,0,3,1,1,42,"Johan Oviedo",22487,670912
"Erik Sabrowski","CLE",0,1,1.8409098889220363,33,0,0,0,0,0,12,0,29.1,121,14,8,6,2,21,0,3,0,0,42,"Erik Sabrowski",24978,681870
"Landon Knack","LAD",3,2,4.8897641467120065,10,7,2,0,0,1,0,0,42.1,185,40,25,23,10,19,0,2,1,0,42,"Landon Knack",27487,689017
"AJ Smith-Shawver","ATL",3,2,3.8571429677731786,9,9,2,0,0,0,0,0,44.1,192,42,20,19,4,21,0,1,3,0,42,"AJ Smith-Shawver",29960,700363
"Caleb Boushley","TEX",0,0,6.02307763003747,25,1,0,0,0,1,0,0,43.1,193,54,33,29,5,14,1,2,1,0,41,"Caleb Boushley",19736,676961
"Luis Gil","NYY",4,1,3.3157894736842106,11,11,3,0,0,0,0,0,57,244,47,23,21,5,33,0,1,4,2,41,"Luis Gil",21052,661563
"Tristan Beck","SFG",1,0,4.605882559647619,31,1,0,0,0,2,3,0,56.2,232,47,29,29,7,16,0,2,3,0,41,"Tristan Beck",21584,663941
"Brenan Hanifee","DET",3,3,3.000000572204699,54,0,0,0,0,0,10,1,60,260,65,31,20,3,14,2,2,2,0,40,"Brenan Hanifee",22304,669724
"Kody Funderburk","MIN",4,1,3.5121957755104205,39,0,0,0,0,1,7,0,41,183,44,17,16,2,18,1,3,5,1,40,"Kody Funderburk",24993,681892
"Porter Hodge","CHC",2,2,6.272727997835101,36,0,0,0,0,2,8,3,33,147,34,24,23,9,18,1,0,5,1,40,"Porter Hodge",26413,687863
"Cade Cavalli","WSN",3,1,4.253424879801757,10,10,2,0,0,0,0,0,48.2,219,57,28,23,7,15,0,4,3,0,40,"Cade Cavalli",27473,676917
"Eric Orze","TBR",1,1,3.024000184570324,33,0,0,0,0,3,1,0,41.2,178,38,16,14,4,19,1,3,0,0,40,"Eric Orze",27626,679358
"Gordon Graceffo","STL",3,1,6.279070324482614,26,0,0,0,0,1,0,2,43,193,50,33,30,2,13,0,2,2,0,40,"Gordon Graceffo",29519,700669
"Richard Fitts","BOS",2,4,5,11,10,2,0,0,0,0,0,45,195,43,27,25,11,16,0,3,1,1,40,"Richard Fitts",30160,690916
"Joe Ross","PHI",2,1,5.117647824403026,37,1,0,0,0,0,0,2,51,228,57,30,29,8,18,1,3,0,0,39,"Joe Ross",12972,605452
"Carlos Hernández","- - -",1,0,6.230770099233714,41,0,0,0,0,0,1,0,43.1,203,50,32,30,4,22,1,2,6,0,39,"Carlos Hernandez",22713,672578
"Kai-Wei Teng","SFG",2,4,6.370787062980314,8,7,0,0,0,0,0,0,29.2,139,29,24,21,2,17,0,7,0,0,39,"Kai-Wei Teng",24282,678906
"Mick Abel","- - -",3,4,6.230769230769231,10,8,2,0,0,0,0,1,39,174,43,28,27,8,16,0,1,2,0,39,"Mick Abel",27756,690953
"Jackson Jobe","DET",4,1,4.224489795918367,10,10,2,0,0,0,0,0,49,218,46,24,23,7,27,0,2,1,0,39,"Jackson Jobe",30203,695549
"José Fermin","LAA",3,2,4.45631133978558,40,0,0,0,0,0,6,4,34.1,152,25,21,17,8,23,2,1,1,1,39,"Jose Fermin",33908,820862
"Luke Jackson","- - -",2,5,4.058824288391467,52,0,0,0,0,9,4,2,51,219,41,30,23,4,28,5,3,0,0,38,"Luke Jackson",11752,592426
"Tony Gonsolin","LAD",3,2,5,7,7,1,0,0,0,0,0,36,157,33,21,20,9,18,0,3,1,0,38,"Tony Gonsolin",19388,664062
"Rico Garcia","- - -",0,2,3.145631533966292,29,1,0,0,0,0,10,0,34.1,142,31,12,12,5,10,1,0,2,0,38,"Rico Garcia",20023,670329
"Tobias Myers","MIL",1,2,3.552631891004954,22,6,0,0,0,0,1,0,50.2,220,54,21,20,5,15,0,2,0,1,38,"Tobias Myers",22191,668964
"Steven Cruz","KCR",3,1,3.7445263815611414,47,0,0,0,0,0,9,0,45.2,189,36,20,19,5,18,1,1,1,0,38,"Steven Cruz",23165,674444
"Kyle Harrison","- - -",1,1,4.037383357492935,11,6,1,0,0,0,1,0,35.2,156,35,16,16,4,14,1,1,1,0,38,"Kyle Harrison",27758,690986
"Parker Messick","CLE",3,1,2.7226892501888273,7,7,4,0,0,0,0,0,39.2,165,46,12,12,4,6,0,0,2,1,38,"Parker Messick",31986,800048
"Lou Trivino","- - -",3,2,3.9650357318827236,47,2,0,0,0,0,5,1,47.2,207,46,23,21,6,18,1,6,2,1,37,"Lou Trivino",15043,642152
"Tim Hill","NYY",4,4,3.0895529424303976,70,0,0,0,0,0,15,0,67,269,58,27,23,8,16,3,0,1,0,37,"Tim Hill",16814,657612
"Shane Bieber","TOR",4,2,3.57024804644145,7,7,3,0,0,0,0,0,40.1,159,34,16,16,8,7,0,1,0,0,37,"Shane Bieber",19427,669456
"Kyle Hart","SDP",3,3,5.8604658961361595,20,6,1,0,0,0,2,0,43,179,38,28,28,9,13,0,2,0,1,37,"Kyle Hart",19646,606996
"Ryan Weathers","MIA",2,2,3.9913044802227677,8,8,0,0,0,0,0,0,38.1,166,37,20,17,7,12,0,1,1,0,37,"Ryan Weathers",23796,677960
"Jack Perkins","ATH",3,2,4.189655241302872,12,4,1,0,0,3,1,0,38.2,161,27,18,18,4,18,0,2,3,0,37,"Jack Perkins",31468,678022
"Blake Treinen","LAD",2,7,5.40000090122238,32,0,0,0,0,2,10,3,26.2,129,30,18,16,4,19,4,2,1,0,36,"Blake Treinen",12572,595014
"Andrew Chafin","- - -",1,1,2.4059412528717528,42,0,0,0,0,0,4,0,33.2,143,29,11,9,2,19,0,0,8,0,36,"Andrew Chafin",12988,605177
"Anthony DeSclafani","ARI",1,2,5.120689739370177,13,4,0,0,0,2,1,0,38.2,169,37,23,22,11,12,2,5,0,0,36,"Anthony DeSclafani",13050,543101
"Ryan Thompson","ARI",3,2,3.919356044448128,48,0,0,0,0,1,17,3,41.1,175,42,21,18,4,13,2,2,0,1,36,"Ryan Thompson",16647,657044
"George Soriano","MIA",2,0,8.345455124279724,24,0,0,0,0,1,0,0,36.2,173,46,36,34,10,19,1,2,3,1,36,"George Soriano",21863,666277
"Juan Morillo","ARI",0,3,4.19417584462697,42,0,0,0,0,1,5,1,34.1,152,38,19,16,2,20,0,1,3,0,36,"Juan Morillo",21924,666661
"Josh Simpson","MIA",4,2,7.336958042840966,31,0,0,0,0,0,2,2,30.2,151,34,28,25,5,22,2,3,3,0,36,"Josh Simpson",25957,681006
"Chase Lee","DET",4,1,4.0982152628049455,32,0,0,0,0,0,4,1,37.1,148,32,17,17,7,9,1,2,0,0,36,"Chase Lee",29574,695445
"Troy Melton","DET",3,2,2.759124356483828,16,4,1,0,0,0,2,0,45.2,180,31,15,14,7,15,0,1,2,0,36,"Troy Melton",31807,675512
"Seth Halvorsen","COL",1,2,4.991597438715677,42,0,0,0,0,11,4,3,39.2,173,41,26,22,7,21,1,0,3,0,36,"Seth Halvorsen",33294,678020
"Héctor Neris","- - -",3,2,6.750001367926875,35,0,0,0,0,0,7,2,26.2,124,29,25,20,6,16,1,1,4,1,35,"Hector Neris",11804,593576
"Chad Green","TOR",3,2,5.5648867925715075,45,0,0,0,0,1,7,0,43.2,190,51,28,27,14,13,2,2,0,0,35,"Chad Green",15552,643338
"Cam Booser","CHW",2,4,5.516130729223291,39,0,0,0,0,1,8,3,31,143,28,22,19,8,19,1,2,3,0,35,"Cam Booser",16061,592155
"Scott Blewett","- - -",3,0,5.481203636364888,26,2,0,0,0,0,0,0,44.1,194,45,29,27,9,18,0,1,1,0,35,"Scott Blewett",16427,656240
"Génesis Cabrera","- - -",0,1,6.539064059034362,40,0,0,0,0,1,3,1,42.2,187,46,32,31,12,18,1,2,3,1,35,"Genesis Cabrera",17490,650893
"Zack Kelly","BOS",1,3,4.584906320378476,28,0,0,0,0,0,3,2,35.1,152,35,21,18,3,12,1,3,1,0,35,"Zack Kelly",20349,677161
"Cole Winn","TEX",0,1,1.5120002307129259,33,0,0,0,0,0,4,0,41.2,162,23,8,7,3,17,2,4,1,0,35,"Cole Winn",22113,668390
"Kevin Kelly","TBR",2,5,5.899161176706825,41,0,0,0,0,0,5,4,39.2,171,45,29,26,11,9,1,0,1,1,35,"Kevin Kelly",25679,687330
"AJ Blubaugh","HOU",3,1,1.6875,11,3,0,0,0,0,0,0,32,124,17,11,6,6,11,0,0,0,0,35,"AJ Blubaugh",31764,805123
"Carlos Carrasco","- - -",2,2,7.094890609725765,11,9,1,0,0,0,0,0,45.2,212,61,36,36,10,17,0,0,1,0,34,"Carlos Carrasco",6632,471911
"José Ureña","- - -",0,1,4.581818340711362,19,6,0,0,0,1,0,0,55,245,57,29,28,8,23,1,3,2,0,34,"Jose Urena",11589,570632
"Paul Blackburn","- - -",0,3,6.230769535493583,15,4,0,0,0,1,0,0,39,175,47,29,27,6,12,0,1,1,1,34,"Paul Blackburn",14739,621112
"Austin Gomber","COL",0,7,7.491329810140524,12,12,0,0,0,0,0,0,57.2,272,82,51,48,16,17,0,1,4,0,34,"Austin Gomber",16561,596295
"Cristian Javier","HOU",2,4,4.621621621621622,8,8,2,0,0,0,0,0,37,157,32,22,19,3,15,0,1,3,0,34,"Cristian Javier",17606,664299
"Konnor Pilkington","WSN",2,0,4.447059621844056,32,0,0,0,0,0,5,0,28.1,123,22,16,14,7,17,0,2,2,0,34,"Konnor Pilkington",21453,663455
"Ryan Fernandez","STL",0,4,7.71428700780965,32,0,0,0,0,1,4,1,30.1,140,36,30,26,6,16,2,1,0,0,34,"Ryan Fernandez",24862,681676
"Kyle Nicolas","PIT",1,2,4.736843056295908,31,0,0,0,0,0,3,1,38,167,34,21,20,3,18,0,2,1,0,34,"Kyle Nicolas",27775,693312
"Daysbel Hernández","ATL",4,3,3.4054061075996414,39,0,0,0,0,0,10,2,37,164,27,16,14,3,30,1,2,2,0,33,"Daysbel Hernandez",20271,678226
"Sam Long","KCR",2,3,5.355372576169426,39,0,0,0,0,0,1,0,40.1,189,48,31,24,7,22,1,2,5,0,33,"Sam Long",25379,669674
"Clayton Beeter","- - -",0,3,4.263158750666317,26,0,0,0,0,1,9,2,25.1,104,13,12,12,3,18,0,0,1,0,33,"Clayton Beeter",27494,690925
"Logan Henderson","MIL",3,0,1.7763158786329911,5,5,1,0,0,0,0,0,25.1,99,17,5,5,3,8,0,0,0,0,33,"Logan Henderson",31475,701656
"Caden Dana","LAA",0,4,6.402062107442565,7,5,1,0,0,0,0,0,32.1,141,30,24,23,9,18,0,1,2,0,33,"Caden Dana",31508,702674
"Frankie Montas","NYM",3,2,6.284483171955186,9,7,0,0,0,0,0,0,38.2,178,48,29,27,8,14,0,1,1,0,32,"Frankie Montas",14309,593423
"Ryan Borucki","- - -",1,3,4.628572689757399,39,0,0,0,0,0,7,3,35,145,29,20,18,4,16,1,1,2,1,32,"Ryan Borucki",16350,621366
"José Alvarado","PHI",4,2,3.8076928663536758,28,0,0,0,0,7,5,1,26,114,27,12,11,4,7,0,1,3,0,32,"Jose Alvarado",17780,621237
"Trent Thornton","SEA",2,0,4.677165916282584,33,0,0,0,0,0,5,1,42.1,180,41,23,22,6,14,2,4,1,0,32,"Trent Thornton",17948,663423
"Tommy Nance","TOR",2,0,1.9894740836442815,30,0,0,0,0,0,5,0,31.2,126,25,11,7,0,7,0,1,1,0,32,"Tommy Nance",19178,667297
"Tanner Houck","BOS",0,3,8.038168407071435,9,9,3,0,0,0,0,0,43.2,203,57,41,39,10,17,0,5,2,0,32,"Tanner Houck",19879,656557
"Connor Phillips","CIN",5,0,2.880000439453192,21,0,0,0,0,0,1,0,25,98,11,9,8,3,12,0,2,2,0,32,"Connor Phillips",27649,683175
"Joey Lucchesi","SFG",0,1,3.756522237565047,38,0,0,0,0,0,6,0,38.1,165,35,17,16,4,12,1,2,2,1,31,"Joey Lucchesi",19320,664192
"Chase Shugart","PIT",4,3,3.40000057644324,35,0,0,0,0,0,5,2,45,181,33,18,17,6,17,2,1,3,0,31,"Chase Shugart",21544,663767
"Grant Wolfram","BAL",3,1,5.40000090122238,21,0,0,0,0,0,1,0,26.2,133,35,20,16,2,15,1,1,3,0,31,"Grant Wolfram",21623,664991
"Bubba Chandler","PIT",4,1,4.0212767589356755,7,4,1,0,0,1,0,0,31.1,124,25,14,14,2,4,0,3,1,0,31,"Bubba Chandler",29868,696149
"Spencer Arrighetti","HOU",1,5,5.3490567962738895,7,7,2,0,0,0,0,0,35.1,156,30,21,21,6,20,0,3,0,0,31,"Spencer Arrighetti",29921,681293
"Travis Adams","MIN",1,4,7.485149292300406,18,2,0,0,0,0,2,1,33.2,158,39,29,28,6,17,0,3,5,0,31,"Travis Adams",30180,701519
"Jaden Hill","COL",1,1,3.375000585209341,28,0,0,0,0,0,3,0,29.1,129,27,14,11,2,12,0,3,3,0,31,"Jaden Hill",30250,677955
"José Castillo","- - -",2,2,3.9375008214266822,29,0,0,0,0,0,3,2,32,149,40,18,14,4,14,1,4,1,3,30,"Jose Castillo",17169,620454
"Lyon Richardson","CIN",0,3,4.539823315363745,34,0,0,0,0,0,3,1,37.2,172,37,25,19,2,21,4,2,0,0,30,"Lyon Richardson",24581,680689
"Nic Enright","CLE",2,1,2.032258439634712,27,0,0,0,0,1,3,1,31,127,24,8,7,3,12,0,2,0,1,30,"Nic Enright",25553,663671
"Chris Murphy","BOS",3,0,3.1153848439278855,23,0,0,0,0,0,1,0,34.2,148,21,12,12,4,20,1,5,1,0,30,"Chris Murphy",26214,669684
"Brent Headrick","NYY",0,0,3.130435561412868,17,0,0,0,0,0,1,0,23,92,17,8,8,4,7,1,1,2,0,30,"Brent Headrick",27702,687396
"Dylan Dodd","ATL",1,0,3.6000007847378943,28,0,0,0,0,0,2,1,35,136,28,14,14,5,5,0,1,1,0,30,"Dylan Dodd",29928,689266
"Shinnosuke Ogasawara","WSN",1,1,6.982759768841146,23,2,0,0,0,0,1,0,38.2,173,43,30,30,9,17,0,3,1,0,30,"Shinnosuke Ogasawara",35324,829272
"Michael Kelly","ATH",4,4,3.176471402842136,42,0,0,0,0,2,7,1,39.2,166,32,17,14,5,19,3,1,1,0,29,"Michael Kelly",12791,547184
"Ben Lively","CLE",2,2,3.2238807805690923,9,9,0,0,0,0,0,0,44.2,178,38,16,16,6,15,0,0,0,0,29,"Ben Lively",14932,594902
"Nestor Cortes","- - -",2,4,6.291262368924867,8,8,2,0,0,0,0,0,34.1,157,36,24,24,13,20,0,2,0,0,29,"Nestor Cortes",17874,641482
"Kevin Ginkel","ARI",1,4,7.363637093247956,29,0,0,0,0,3,6,1,25.2,121,29,22,21,2,13,0,2,1,0,29,"Kevin Ginkel",19876,656464
"Hayden Wesneski","HOU",1,3,4.5,6,6,2,0,0,0,0,0,32,131,29,16,16,7,6,0,1,0,0,29,"Hayden Wesneski",27581,669713
"Ryan Pressly","CHC",2,3,4.354838843648321,44,0,0,0,0,5,7,2,41.1,182,46,24,20,6,17,0,2,0,0,28,"Ryan Pressly",7005,519151
"Bryse Wilson","CHW",0,2,6.654930292578715,20,5,0,0,0,0,0,0,47.1,224,67,37,35,11,19,0,2,0,0,28,"Bryse Wilson",19990,669060
"Yerry De los Santos","NYY",0,1,3.2803744165250146,25,0,0,0,0,0,3,0,35.2,160,37,15,13,1,17,0,1,2,0,28,"Yerry De los Santos",21420,660787
"John King","STL",2,1,4.655173638488148,51,0,0,0,0,0,3,1,48.1,222,65,30,25,8,14,0,0,3,0,28,"John King",22051,667463
"Shawn Dubin","- - -",2,0,5.079209167739551,30,0,0,0,0,0,8,1,33.2,145,37,19,19,6,11,0,2,0,0,28,"Shawn Dubin",24977,681869
"Paxton Schultz","TOR",0,0,4.378378829788912,13,2,0,0,0,0,0,0,24.2,110,27,16,12,4,8,0,1,0,0,28,"Paxton Schultz",25501,687606
"Roki Sasaki","LAD",1,1,4.458715752372943,10,8,1,0,0,0,2,0,36.1,161,30,18,18,6,22,0,3,2,0,28,"Roki Sasaki",35323,808963
"Matt Gage","- - -",0,1,3.1935493695503263,33,2,0,0,0,0,2,0,31,137,35,11,11,0,12,1,2,3,0,27,"Matt Gage",17381,657424
"DL Hall","MIL",1,0,3.49137971219783,20,3,0,0,0,0,1,0,38.2,155,24,15,15,2,17,0,0,0,0,27,"DL Hall",22207,669084
"PJ Poulin","WSN",2,1,3.648649589087406,28,0,0,0,0,1,5,2,24.2,110,23,10,10,2,13,0,2,0,0,27,"PJ Poulin",23394,676571
"Bradley Blalock","COL",2,6,9.357954951110967,14,12,1,0,0,0,0,0,58.2,275,85,61,61,17,23,1,3,2,0,27,"Bradley Blalock",26419,687134
"Pierson Ohl","MIN",0,3,5.100000162124639,14,3,0,0,0,0,1,0,30,133,38,22,17,5,7,0,0,0,0,27,"Pierson Ohl",30179,701487
"Carson Palmquist","COL",0,4,8.912622184440666,9,7,0,0,0,0,0,0,34.1,175,45,35,34,10,25,0,3,1,0,27,"Carson Palmquist",31612,687223
"John Brebbia","- - -",1,1,7.714286765273879,22,0,0,0,0,0,2,0,23.1,115,28,23,20,5,12,0,4,2,0,26,"John Brebbia",12777,605154
"Marcus Stroman","NYY",3,2,6.230769840217966,9,9,1,0,0,0,0,0,39,175,44,27,27,6,16,0,2,1,0,26,"Marcus Stroman",13431,573186
"Carson Fulmer","LAA",0,0,5.829545707249455,13,0,0,0,0,0,0,0,29.1,123,25,19,19,5,11,0,0,2,0,26,"Carson Fulmer",18311,608334
"Max Lazar","PHI",1,1,4.790323170117184,36,0,0,0,0,1,1,0,41.1,170,41,23,22,7,12,0,0,3,0,26,"Max Lazar",23426,676661
"Sawyer Gipson-Long","DET",0,2,7.18085157380166,8,3,0,0,0,0,1,0,31.1,133,34,26,25,8,6,0,2,3,0,26,"Sawyer Gipson-Long",26048,687830
"Carson Seymour","SFG",1,3,4.750000125832031,16,3,0,0,0,0,1,0,36,156,37,21,19,9,13,0,1,0,0,26,"Carson Seymour",30084,693313
"Brooks Raley","NYM",3,1,2.454545880152248,30,0,0,0,0,0,10,0,25.2,99,14,7,7,0,6,0,2,0,0,25,"Brooks Raley",10061,548384
"Yimi García","TOR",1,2,3.857143557801666,22,0,0,0,0,3,6,4,21,90,13,10,9,2,12,1,1,2,0,25,"Yimi Garcia",12095,554340
"Nabil Crismatt","ARI",3,0,3.7058823529411766,8,5,1,0,0,0,0,0,34,153,40,20,14,6,9,0,1,1,0,25,"Nabil Crismatt",17732,622503
"Jonathan Loáisiga","NYY",0,1,4.247192194510011,30,0,0,0,0,1,7,3,29.2,135,34,15,14,7,10,3,3,1,0,25,"Jonathan Loaisiga",19753,642528
"Manuel Rodríguez","TBR",1,2,2.076923294583341,31,0,0,0,0,0,11,0,30.1,121,26,9,7,2,6,0,1,1,0,25,"Manuel Rodriguez",20794,655889
"Ryan Feltner","COL",0,2,4.747252946256404,6,6,2,0,0,0,0,0,30.1,135,33,17,16,4,12,0,0,0,0,25,"Ryan Feltner",21446,663372
"Max Kranick","NYM",3,2,3.648649400999616,24,0,0,0,0,0,5,1,37,148,34,15,15,5,5,0,0,0,0,25,"Max Kranick",22175,668820
"Ryan Rolison","COL",1,0,7.015748874423876,31,1,0,0,0,0,0,0,42.1,193,55,35,33,11,20,0,0,1,1,25,"Ryan Rolison",22200,669020
"Sean Reynolds","SDP",0,1,5.333334840374654,19,1,0,0,0,0,2,0,27,117,20,16,16,4,17,0,3,1,0,25,"Sean Reynolds",22253,669308
"Justin Slaten","BOS",2,4,4.235294592834315,36,0,0,0,0,3,6,3,34,137,27,19,16,3,10,2,0,1,0,25,"Justin Slaten",25648,686580
"Orlando Ribalta","WSN",0,0,7.027398729172533,22,0,0,0,0,0,0,0,24.1,120,28,19,19,6,17,0,1,0,1,25,"Orlando Ribalta",26247,687377
"Wikelman González","CHW",1,0,2.6557381201162684,16,0,0,0,0,0,1,0,20.1,87,13,9,6,1,12,0,0,0,0,25,"Wikelman Gonzalez",26641,682790
"Anthony Veneziano","- - -",0,0,4.680001428223092,26,1,0,0,0,0,4,1,25,117,28,13,13,4,11,0,2,1,0,25,"Anthony Veneziano",27453,685107
"Tayler Scott","- - -",1,2,7.902440770618795,24,0,0,0,0,0,3,1,27.1,134,34,25,24,6,18,0,1,0,0,24,"Tayler Scott",13652,605463
"Joel Payamps","- - -",0,1,6.835444358235489,30,0,0,0,0,1,4,0,26.1,117,31,20,20,4,9,1,2,0,0,24,"Joel Payamps",14332,606303
"John Curtiss","ARI",3,2,3.9272734082435967,30,0,0,0,0,1,3,0,36.2,141,29,18,16,5,5,0,0,0,0,24,"John Curtiss",16128,595928
"Matt Sauer","LAD",2,1,6.370787062980314,10,1,0,0,0,1,0,0,29.2,129,35,23,21,6,8,0,2,1,0,24,"Matt Sauer",22284,669422
"Collin Snider","SEA",2,1,5.4683550905101015,24,0,0,0,0,0,4,0,26.1,119,32,20,16,3,6,1,2,1,0,24,"Collin Snider",23307,676092
"Kade Strowd","BAL",0,1,1.7088610895588723,25,0,0,0,0,0,5,0,26.1,105,16,6,5,1,13,0,1,2,0,24,"Kade Strowd",26191,669704
"Anthony Molina","COL",1,1,7.269231302498399,17,1,0,0,0,0,0,0,34.2,160,52,30,28,12,6,0,2,1,1,24,"Anthony Molina",26952,683627
"Zach Brzykcy","WSN",0,1,9.000001492707874,26,0,0,0,0,0,0,1,23,110,28,23,23,6,12,0,2,2,0,24,"Zach Brzykcy",27783,694350
"Mitch Farris","LAA",1,3,6.657534594472315,5,5,1,0,0,0,0,0,24.1,107,24,19,18,4,11,0,1,1,0,24,"Mitch Farris",33628,815083
"Jake Woodford","ARI",0,4,6.440367874057017,22,0,0,0,0,3,2,4,36.1,170,45,28,26,3,13,1,3,1,0,23,"Jake Woodford",18674,663765
"Justin Hagenman","NYM",0,1,4.563380588167526,9,1,0,0,0,1,0,0,23.2,99,24,13,12,4,2,0,1,0,0,23,"Justin Hagenman",21546,663795
"Javier Assad","CHC",4,1,3.648648930780225,8,7,2,0,0,0,0,0,37,153,33,15,15,3,12,0,4,1,0,23,"Javier Assad",21741,665871
"Eduardo Salazar","WSN",0,1,8.37931144705298,30,0,0,0,0,0,2,1,29,150,47,29,27,7,16,0,1,3,1,23,"Eduardo Salazar",23135,674285
"Easton Lucas","TOR",3,3,6.657535116317843,6,5,0,0,0,0,0,0,24.1,108,25,18,18,5,12,0,0,1,0,23,"Easton Lucas",26058,687922
"Connor Gillispie","MIA",0,3,8.653846153846153,6,6,0,0,0,0,0,0,26,123,32,26,25,6,11,0,1,1,0,23,"Connor Gillispie",26171,687362
"Alek Jacob","SDP",1,0,5.130001369858154,29,0,0,0,0,0,2,0,33.1,153,36,20,19,6,14,0,6,0,0,23,"Alek Jacob",29628,689690
"McCade Brown","COL",0,5,7.363637093247956,7,7,0,0,0,0,0,0,25.2,126,30,21,21,6,17,0,5,1,0,23,"McCade Brown",30004,685326
"Gunnar Hoglund","ATH",1,3,6.402062107442565,6,6,1,0,0,0,0,0,32.1,139,38,23,23,10,11,0,0,1,0,23,"Gunnar Hoglund",31318,680684
"Chris Stratton","- - -",0,0,7.71428641494446,15,0,0,0,0,0,0,0,21,104,32,20,18,4,10,0,0,0,0,22,"Chris Stratton",13761,608717
"Chris Flexen","CHC",5,1,3.0916032334890136,21,1,0,0,0,1,0,0,43.2,178,38,18,15,7,12,0,0,3,0,22,"Chris Flexen",13896,623167
"Cole Sulser","TBR",2,1,1.985294340391085,18,0,0,0,0,0,0,1,22.2,90,20,5,5,1,7,1,0,0,0,22,"Cole Sulser",15256,642121
"JT Brubaker","- - -",0,0,3.767442069355392,17,1,0,0,0,0,0,0,28.2,117,23,12,12,0,12,1,1,2,0,22,"JT Brubaker",17578,664141
"Brandon Waddell","NYM",0,0,3.4468088603333067,11,1,0,0,0,0,1,0,31.1,134,29,12,12,4,11,0,1,0,0,22,"Brandon Waddell",18347,663399
"Thomas Hatch","- - -",2,1,5.823529411764706,12,1,0,0,0,0,0,0,34,152,40,23,22,7,17,2,0,0,0,22,"Thomas Hatch",19264,641672
"Austin Cox","ATL",0,0,8.859375936481328,13,1,0,0,0,0,2,0,21.1,102,30,21,21,9,7,0,0,2,0,22,"Austin Cox",24604,680735
"Erik Miller","SFG",4,1,1.5000004768373099,36,0,0,0,0,0,10,2,30,128,24,5,5,0,20,4,3,1,0,22,"Erik Miller",26252,669062
"Kyle Backhus","ARI",0,3,4.618422675331454,32,0,0,0,0,2,10,2,25.1,115,28,14,13,3,8,0,3,1,0,22,"Kyle Backhus",29615,679775
"Dan Altavilla","CHW",0,1,2.482759110567641,28,0,0,0,0,2,2,0,29,120,19,9,8,4,15,0,4,1,0,21,"Dan Altavilla",16507,656186
"Justin Steele","CHC",3,1,4.764706015999345,4,4,1,0,0,0,0,0,22.2,92,21,12,12,5,5,0,1,0,0,21,"Justin Steele",17312,657006
"Dane Dunning","- - -",0,0,6.967742471367503,12,0,0,0,0,2,0,0,20.2,95,24,17,16,4,7,1,3,1,0,21,"Dane Dunning",19409,641540
"Cionel Pérez","BAL",0,0,8.30769401414895,19,0,0,0,0,0,0,0,21.2,110,28,22,20,3,18,1,2,1,1,21,"Cionel Perez",19614,672335
"Luis Mey","CIN",2,0,3.4285720513792586,23,0,0,0,0,0,4,1,21,96,17,8,8,3,17,0,1,2,0,21,"Luis Mey",25620,682825
"Bryce Jarvis","ARI",0,0,5.727273720355245,12,0,0,0,0,1,1,0,22,98,23,14,14,3,10,0,1,0,0,21,"Bryce Jarvis",27477,686826
"Ryan Brasier","CHC",0,1,4.500000660236162,28,1,0,0,0,0,4,0,26,105,27,13,13,2,5,0,0,0,0,20,"Ryan Brasier",5615,518489
"Rob Zastryzny","MIL",2,1,2.454546305759189,26,1,0,0,0,0,2,1,22,93,16,7,6,3,10,3,1,2,0,20,"Rob Zastryzny",15094,642239
"Andrew Alvarez","WSN",1,1,2.314285840404284,5,5,1,0,0,0,0,0,23.1,98,16,8,6,1,10,0,1,2,0,20,"Andrew Alvarez",29914,674841
"Michael Tonkin","MIN",2,1,4.8750007748605055,21,0,0,0,0,0,2,1,24,103,20,13,13,3,8,0,5,1,0,19,"Michael Tonkin",10315,543859
"Andrew Saalfrank","ARI",2,1,1.2413794736374788,28,0,0,0,0,3,5,2,29,113,19,5,4,1,10,1,0,2,0,19,"Andrew Saalfrank",26203,685314
"Zach Agnos","COL",1,3,6.606384051121497,30,0,0,0,0,4,3,0,31.1,138,31,25,23,5,17,0,0,2,0,19,"Zach Agnos",31552,688642
"Adam Mazur","MIA",0,4,4.8,6,6,1,0,0,0,0,0,30,139,33,21,16,4,12,0,1,2,0,19,"Adam Mazur",31900,800049
"Matt Bowman","BAL",0,1,6.202703821824738,20,0,0,0,0,0,0,0,24.2,114,31,18,17,4,6,0,2,1,0,18,"Matt Bowman",13528,621199
"Tyler Wells","BAL",2,1,2.907692393015125,4,4,2,0,0,0,0,0,21.2,82,17,7,7,4,2,0,0,0,0,18,"Tyler Wells",20000,669330
"Colin Holderman","PIT",0,2,7.012988750157728,24,0,0,0,0,1,2,2,25.2,125,34,21,20,4,16,1,2,3,0,18,"Colin Holderman",22361,670059
"Andre Granillo","STL",1,0,4.714286998826981,14,0,0,0,0,1,0,0,21,91,22,11,11,3,7,0,1,2,0,18,"Andre Granillo",29542,701552
"Sam Bachman","LAA",2,3,6.196722280271293,23,0,0,0,0,0,2,2,20.1,94,22,15,14,1,10,0,1,2,0,18,"Sam Bachman",29754,696147
"Mason Barnett","ATH",1,1,6.850746658709322,5,5,0,0,0,0,0,0,22.1,104,26,18,17,3,11,0,1,2,0,18,"Mason Barnett",31741,686930
"Jorge López","WSN",6,0,6.567569260357331,26,0,0,0,0,1,5,3,24.2,106,25,18,18,1,7,0,3,3,0,17,"Jorge Lopez",14527,605347
"Joel Peguero","SFG",3,1,2.4179109984237894,17,0,0,0,0,0,4,0,22.1,86,15,7,6,2,8,1,0,0,1,17,"Joel Peguero",21951,666711
"Grant Holman","ATH",4,2,5.086957576369737,22,2,0,0,0,0,3,2,23,103,26,14,13,3,9,0,1,1,0,17,"Grant Holman",30002,680880
"Brandon Sproat","NYM",0,2,4.7903227280131535,4,4,2,0,0,0,0,0,20.2,84,18,11,11,0,7,0,2,0,0,17,"Brandon Sproat",33850,687075
"Beau Brieske","DET",1,3,6.545455396668095,22,1,0,0,0,1,5,1,22,103,24,20,16,5,12,1,0,2,0,16,"Beau Brieske",26079,689225
"Carson Whisenhunt","SFG",2,1,5.014285987542615,5,5,0,0,0,0,0,0,23.1,102,22,14,13,6,12,0,2,2,0,16,"Carson Whisenhunt",31676,687931
"Ian Gibaut","CIN",0,1,4.61842197988851,25,0,0,0,0,0,3,1,25.1,109,26,13,13,3,8,0,0,0,0,15,"Ian Gibaut",17871,664139
"Chris Roycroft","STL",1,3,7.838712088896256,20,0,0,0,0,0,2,1,20.2,101,26,21,18,2,12,1,1,3,0,15,"Chris Roycroft",31261,688297
"Hunter Strickland","LAA",1,2,3.2727278402029976,19,0,0,0,0,1,2,1,22,91,17,9,8,2,10,2,0,1,0,14,"Hunter Strickland",7836,519326