Name,Team,IP,O-Swing%,Z-Swing%,Swing%,O-Contact%,Z-Contact%,Contact%,Zone%,Pace,NameASCII,PlayerId,MLBAMID
"Rafael Dolis","TOR",24,0.2887931,0.57142857,0.41304348,0.44776119,0.85576923,0.69590643,0.43961353,32.03020134,"Rafael Dolis",4185,503569
"Daniel Hudson","WSN",20.2,0.24050633,0.75909091,0.54232804,0.47368421,0.79041916,0.73170732,0.58201058,29.24285714,"Daniel Hudson",7146,543339
"Alex Colomé","CHW",22.1,0.35514019,0.75657895,0.52185792,0.48684211,0.85217391,0.70680628,0.41530055,29.14015152,"Alex Colome",6661,517008
"Kyle Finnegan","WSN",24.2,0.21674877,0.66359447,0.44761905,0.47727273,0.81944444,0.7393617,0.51666667,28.88888889,"Kyle Finnegan",15009,640448
"Josh Staumont","KCR",25.2,0.26609442,0.61924686,0.44491525,0.43548387,0.74324324,0.65238095,0.50635593,28.83661972,"Josh Staumont",18335,622251
"Kenley Jansen","LAD",24.1,0.33333333,0.70434783,0.52466368,0.61111111,0.75925926,0.71367521,0.51569507,28.77643505,"Kenley Jansen",3096,445276
"Pete Fairbanks","TBR",26.2,0.31558935,0.67105263,0.48065173,0.46987952,0.75163399,0.65254237,0.46435845,28.54395604,"Pete Fairbanks",17998,664126
"A.J. Minter","ATL",21.2,0.25870647,0.73469388,0.49370277,0.55769231,0.77777778,0.71938776,0.49370277,28.50488599,"A.J. Minter",18655,621345
"Brad Hand","CLE",22,0.2345679,0.595,0.43370166,0.55263158,0.82352941,0.75796178,0.55248619,27.88970588,"Brad Hand",9111,543272
"Matt Andriese","LAA",32,0.27935223,0.65612648,0.47,0.50724638,0.89156627,0.7787234,0.506,27.78021978,"Matt Andriese",12022,542882
"Yu Darvish","CHC",76,0.30177515,0.64551084,0.49436253,0.4379085,0.80815348,0.70877193,0.56027754,27.74185766,"Yu Darvish",13074,506433
"Bryan Garcia","DET",21.2,0.25,0.75625,0.4939759,0.6744186,0.88429752,0.82926829,0.48192771,27.70338983,"Bryan Garcia",19457,650530
"Tyler Clippard","MIN",26,0.26415094,0.66176471,0.45913462,0.64285714,0.77037037,0.73298429,0.49038462,27.66559486,"Tyler Clippard",5640,461325
"Matt Barnes","BOS",23,0.31048387,0.57487923,0.43076923,0.57142857,0.84033613,0.73469388,0.45494505,27.49132948,"Matt Barnes",12863,598264
"Emilio Pagán","SDP",22,0.25,0.70053476,0.47956403,0.55555556,0.82442748,0.75568182,0.50953678,27.31021898,"Emilio Pagan",14771,641941
"Tyler Kinley","COL",23.2,0.2970297,0.65895954,0.464,0.4,0.78070175,0.64942529,0.46133333,27.11111111,"Tyler Kinley",18297,641755
"Ryan Brasier","BOS",25,0.31443299,0.7173913,0.53301887,0.42622951,0.8,0.69911504,0.54245283,27.10032362,"Ryan Brasier",5615,518489
"Shun Yamaguchi","TOR",25.2,0.27443609,0.72765957,0.48702595,0.53424658,0.8128655,0.7295082,0.46906188,26.92572944,"Shun Yamaguchi",27460,685493
"Mark Melancon","ATL",22.2,0.26086957,0.65432099,0.45820433,0.54761905,0.91509434,0.81081081,0.50154799,26.74090909,"Mark Melancon",4264,453343
"Nik Turley","PIT",21.2,0.25388601,0.61111111,0.42627346,0.55102041,0.87272727,0.77358491,0.48257373,26.72363636,"Nik Turley",5530,543867
"Jeremy Jeffress","CHC",23.1,0.21142857,0.56969697,0.38529412,0.40540541,0.91489362,0.77099237,0.48529412,26.71836735,"Jeremy Jeffress",9490,502026
"Trevor May","MIN",23.1,0.2706422,0.69791667,0.47073171,0.33898305,0.7238806,0.60621762,0.46829268,26.69480519,"Trevor May",6398,543507
"Jeurys Familia","NYM",26.2,0.24894515,0.59174312,0.41318681,0.55932203,0.81395349,0.73404255,0.47912088,26.6728972,"Jeurys Familia",5114,544727
"Ryan Pressly","HOU",21,0.3655914,0.65868263,0.50424929,0.41176471,0.80909091,0.65730337,0.47308782,26.56976744,"Ryan Pressly",7005,519151
"Matt Foster","CHW",28.2,0.25480769,0.69298246,0.48394495,0.60377358,0.76582278,0.72511848,0.52293578,26.56307692,"Matt Foster",19647,641582
"Taylor Rogers","MIN",20,0.33333333,0.62376238,0.4972067,0.48076923,0.9047619,0.78089888,0.56424581,26.46415094,"Taylor Rogers",13449,573124
"Scott Barlow","KCR",30,0.34532374,0.61572052,0.46745562,0.39583333,0.80141844,0.6371308,0.45167653,26.41798942,"Scott Barlow",14993,605130
"Sergio Romo","MIN",20,0.32075472,0.61184211,0.44230769,0.55882353,0.82795699,0.71428571,0.41758242,26.41391941,"Sergio Romo",9817,489265
"Victor González","LAD",20.1,0.39072848,0.60431655,0.49310345,0.42372881,0.86904762,0.68531469,0.47931034,26.38277512,"Victor Gonzalez",16408,624647
"Greg Holland","KCR",28.1,0.30379747,0.60952381,0.44742729,0.38888889,0.8828125,0.705,0.46979866,26.27878788,"Greg Holland",7196,518813
"A.J. Cole","TOR",23.1,0.28571429,0.70555556,0.47948718,0.61666667,0.80314961,0.74331551,0.46153846,26.27368421,"A.J. Cole",11467,595918
"Noé Ramirez","LAA",21,0.2752809,0.63924051,0.44642857,0.69387755,0.78217822,0.75333333,0.4702381,26.14516129,"Noe Ramirez",12800,598287
"Joakim Soria","OAK",22.1,0.25824176,0.67692308,0.47480106,0.70212766,0.81818182,0.7877095,0.51724138,26.10714286,"Joakim Soria",6941,465657
"Shane Greene","ATL",27.2,0.21717172,0.585,0.40201005,0.53488372,0.92307692,0.81875,0.50251256,26.10469314,"Shane Greene",10756,572888
"Craig Stammen","SDP",24,0.28648649,0.609375,0.45092838,0.54716981,0.88888889,0.78235294,0.50928382,26.04528302,"Craig Stammen",7274,489334
"Ryan Yarbrough","TBR",55.2,0.36724566,0.6627907,0.51980792,0.60810811,0.81754386,0.74595843,0.51620648,26.0321489,"Ryan Yarbrough",16502,642232
"Jake McGee","LAD",20.1,0.25862069,0.76388889,0.5873494,0.63333333,0.6969697,0.68717949,0.65060241,26.024,"Jake McGee",7550,459429
"Jonathan Hernández","TEX",31,0.27413127,0.61666667,0.43887776,0.42253521,0.80405405,0.6803653,0.48096192,25.97820163,"Jonathan Hernandez",17464,642546
"Evan Marshall","CHW",22.2,0.39719626,0.63529412,0.50260417,0.52941176,0.82407407,0.69430052,0.44270833,25.97560976,"Evan Marshall",12297,605359
"James Karinchak","CLE",27,0.31226766,0.52763819,0.40384615,0.44047619,0.6952381,0.58201058,0.42521368,25.94571429,"James Karinchak",20151,675916
"Aaron Nola","PHI",71.1,0.38064516,0.57575758,0.47038328,0.54661017,0.83881579,0.71111111,0.45993031,25.94131455,"Aaron Nola",16149,605400
"Vince Velasquez","PHI",34,0.26182965,0.69369369,0.48307692,0.56626506,0.83549784,0.76433121,0.51230769,25.87295082,"Vince Velasquez",11189,592826
"Daniel Bard","COL",24.2,0.24404762,0.65254237,0.48267327,0.46341463,0.7987013,0.72820513,0.58415842,25.86476868,"Daniel Bard",7115,453268
"Sam Howard","PIT",21,0.28971963,0.70068027,0.45706371,0.4516129,0.7961165,0.66666667,0.40720222,25.77819549,"Sam Howard",16265,607572
"Tyler Zuber","KCR",22,0.20524017,0.61290323,0.38795181,0.65957447,0.81578947,0.77018634,0.44819277,25.75483871,"Tyler Zuber",20379,676604
"Liam Hendriks","OAK",25.1,0.36666667,0.74210526,0.55945946,0.45454545,0.75177305,0.65700483,0.51351351,25.72794118,"Liam Hendriks",3548,521230
"Julio Teheran","LAA",31.1,0.27609428,0.62545455,0.44405594,0.74390244,0.9127907,0.85826772,0.48076923,25.69928401,"Julio Teheran",6797,527054
"Junior Guerra","ARI",23.2,0.25592417,0.72020725,0.47772277,0.55555556,0.82014388,0.74611399,0.47772277,25.64983165,"Junior Guerra",5702,448855
"Kyle Gibson","TEX",67.1,0.26129032,0.59537572,0.41352063,0.51851852,0.91262136,0.77707006,0.45566286,25.64575646,"Kyle Gibson",10123,502043
"Joe Musgrove","PIT",39.2,0.32069971,0.61212121,0.46359584,0.42727273,0.83663366,0.69230769,0.49034175,25.61122244,"Joe Musgrove",12970,605397
"Chris Stratton","PIT",30,0.2885906,0.66135458,0.45901639,0.43023256,0.79518072,0.67063492,0.4571949,25.58088235,"Chris Stratton",13761,608717
"Ryne Harper","WSN",23.2,0.33830846,0.58293839,0.46359223,0.64705882,0.90243902,0.81151832,0.51213592,25.52188552,"Ryne Harper",12680,607560
"Ryan Tepera","CHC",20.2,0.30088496,0.68531469,0.4498645,0.27941176,0.76530612,0.56626506,0.38753388,25.50181818,"Ryan Tepera",10291,572193
"Taylor Clarke","ARI",43.1,0.24109589,0.64201183,0.43385491,0.57954545,0.88940092,0.8,0.48079659,25.45348837,"Taylor Clarke",17611,664199
"Blake Snell","TBR",50,0.32924335,0.65535248,0.47247706,0.45341615,0.8247012,0.67961165,0.43922018,25.42791411,"Blake Snell",13543,605483
"Corbin Burnes","MIL",59.2,0.29369369,0.64096916,0.44995045,0.46625767,0.79725086,0.6784141,0.44995045,25.4233871,"Corbin Burnes",19361,669203
"Jonathan Loáisiga","NYY",23,0.28888889,0.62149533,0.46954315,0.57692308,0.86466165,0.78378378,0.54314721,25.36013986,"Jonathan Loaisiga",19753,642528
"Yusmeiro Petit","OAK",21.2,0.26896552,0.73529412,0.52063492,0.61538462,0.792,0.75,0.53968254,25.34529148,"Yusmeiro Petit",4020,433589
"Jonathan Holder","NYY",21.2,0.29047619,0.69518717,0.48110831,0.60655738,0.86923077,0.78534031,0.47103275,25.34482759,"Jonathan Holder",16588,656547
"Josh A. Smith","MIA",26.1,0.32900433,0.69191919,0.4965035,0.59210526,0.89781022,0.78873239,0.46153846,25.1986755,"Josh A. Smith",10946,595001
"Hyun Jin Ryu","TOR",67,0.31588133,0.66368515,0.48763251,0.60773481,0.83557951,0.76086957,0.49381625,25.19070322,"Hyun Jin Ryu",14444,547943
"Austin Voth","WSN",49.2,0.23877069,0.68432203,0.47374302,0.68316832,0.84520124,0.80660377,0.5273743,25.15465465,"Austin Voth",15047,608723
"Blake Treinen","LAD",25.2,0.31122449,0.7,0.50757576,0.57377049,0.87142857,0.78109453,0.50505051,25.08480565,"Blake Treinen",12572,595014
"Pierce Johnson","SDP",20,0.28205128,0.59090909,0.43548387,0.29545455,0.75824176,0.60740741,0.49677419,25.07826087,"Pierce Johnson",13435,572955
"Dakota Hudson","STL",39,0.2745098,0.67137809,0.46519525,0.54761905,0.90526316,0.79562044,0.48047538,25.03016241,"Dakota Hudson",19206,641712
"Chasen Shreve","NYM",25,0.31932773,0.67934783,0.47630332,0.43421053,0.768,0.64179104,0.43601896,25.00955414,"Chasen Shreve",10855,592741
"Tyler Matzek","ATL",29,0.31355932,0.69918699,0.51037344,0.51351351,0.8372093,0.7398374,0.51037344,24.92676056,"Tyler Matzek",10058,554431
"Jeff Hoffman","COL",21.1,0.25380711,0.66831683,0.46365915,0.64,0.85925926,0.8,0.50626566,24.92413793,"Jeff Hoffman",17432,656546
"Ryan Thompson","TBR",26.1,0.24137931,0.6,0.45107399,0.54761905,0.85714286,0.78835979,0.58472554,24.90819672,"Ryan Thompson",16647,657044
"Blake Taylor","HOU",20.2,0.19277108,0.65142857,0.42815249,0.65625,0.85087719,0.80821918,0.51319648,24.85657371,"Blake Taylor",16418,642130
"Colten Brewer","BOS",25.2,0.30278884,0.6745098,0.49011858,0.57894737,0.88372093,0.79032258,0.50395257,24.83464567,"Colten Brewer",12997,605155
"J.B. Wendelken","OAK",25,0.25961538,0.62100457,0.44496487,0.48148148,0.85294118,0.74736842,0.51288056,24.83121019,"J.B. Wendelken",14506,605525
"Josh Lindblom","MIL",45.1,0.27251185,0.62771739,0.43797468,0.53043478,0.80952381,0.71676301,0.46582278,24.82939189,"Josh Lindblom",7882,458676
"Matt Wisler","MIN",25.1,0.27962085,0.60330579,0.45253863,0.47457627,0.78082192,0.69268293,0.53421634,24.81710914,"Matt Wisler",12804,605538
"Masahiro Tanaka","NYY",48,0.32658228,0.71657754,0.51625488,0.50387597,0.8358209,0.7279597,0.4863459,24.77758007,"Masahiro Tanaka",15764,547888
"Geoff Hartlieb","PIT",22.1,0.23423423,0.62566845,0.41320293,0.61538462,0.82905983,0.76331361,0.45721271,24.71854305,"Geoff Hartlieb",19558,664129
"Tanner Rainey","WSN",20.1,0.33974359,0.67832168,0.50167224,0.26415094,0.73195876,0.56666667,0.47826087,24.71748879,"Tanner Rainey",17610,663432
"Miguel Castro","- - -",24.2,0.28806584,0.64102564,0.46121593,0.47142857,0.82,0.70909091,0.49056604,24.6713881,"Miguel Castro",15684,612434
"Jeffrey Springs","BOS",20.1,0.28282828,0.68115942,0.48641975,0.44642857,0.73049645,0.64974619,0.51111111,24.65245902,"Jeffrey Springs",17677,605488
"Diego Castillo","TBR",21.2,0.29012346,0.56329114,0.425,0.36170213,0.78651685,0.63970588,0.49375,24.65065502,"Diego Castillo",17496,650895
"Jake Woodford","STL",21,0.22857143,0.65945946,0.45,0.7,0.87704918,0.83333333,0.51388889,24.63868613,"Jake Woodford",18674,663765
"Phillips Valdez","BOS",30.1,0.20689655,0.59677419,0.39685658,0.5,0.83108108,0.74257426,0.48722986,24.63760218,"Phillips Valdez",15605,570488
"Trevor Williams","PIT",55.1,0.28597122,0.71800434,0.48180924,0.59119497,0.87311178,0.78163265,0.453294,24.63359788,"Trevor Williams",16977,592866
"David Phelps","- - -",20.2,0.25862069,0.61202186,0.43977591,0.51111111,0.83928571,0.74522293,0.51260504,24.6,"David Phelps",6316,475479
"Mike Fiers","OAK",59,0.21040189,0.64503043,0.44432314,0.78651685,0.8836478,0.86240786,0.53820961,24.57728707,"Mike Fiers",7754,571666
"Wander Suero","WSN",23.2,0.33333333,0.75,0.53018373,0.59701493,0.75555556,0.7029703,0.47244094,24.53479853,"Wander Suero",15855,593833
"Brandon Woodruff","MIL",73.2,0.2606383,0.67387944,0.48142031,0.56462585,0.78669725,0.73070326,0.5342692,24.51214128,"Brandon Woodruff",16162,605540
"Kenta Maeda","MIN",66.2,0.39478585,0.67928731,0.52434077,0.45754717,0.81967213,0.67117988,0.45537525,24.50206897,"Kenta Maeda",18498,628317
"Codi Heuer","CHW",23.2,0.27173913,0.66492147,0.472,0.5,0.77165354,0.69491525,0.50933333,24.44444444,"Codi Heuer",23293,676051
"Lance Lynn","TEX",84,0.25766871,0.69933775,0.49466951,0.60714286,0.82575758,0.77298851,0.5366027,24.42120344,"Lance Lynn",2520,458681
"Robbie Ray","- - -",51.2,0.26359143,0.59737418,0.40695489,0.45625,0.82783883,0.69053118,0.42951128,24.42118537,"Robbie Ray",11486,592662
"Anthony Misiewicz","SEA",20,0.29545455,0.65789474,0.46341463,0.46153846,0.81,0.69078947,0.46341463,24.41101695,"Anthony Misiewicz",18152,664948
"Nick Wittgren","CLE",23.2,0.26086957,0.66321244,0.4668435,0.5625,0.8046875,0.73863636,0.51193634,24.39208633,"Nick Wittgren",15594,621295
"Michael Pineda","MIN",26.2,0.34061135,0.71238938,0.52527473,0.5,0.83850932,0.72803347,0.4967033,24.37536657,"Michael Pineda",5372,501381
"Brandon Kintzler","MIA",24.1,0.25,0.60655738,0.44023324,0.625,0.93693694,0.85430464,0.5335277,24.36099585,"Brandon Kintzler",9939,445213
"Max Scherzer","WSN",67.1,0.28899836,0.71357616,0.5004122,0.53409091,0.77262181,0.70345964,0.49793899,24.33481153,"Max Scherzer",3137,453286
"Jared Hughes","NYM",22.1,0.33195021,0.61988304,0.45145631,0.5625,0.80188679,0.69892473,0.41504854,24.32890365,"Jared Hughes",9325,453172
"Ross Stripling","- - -",49.1,0.22311828,0.60045147,0.42822086,0.62650602,0.89473684,0.83094556,0.54355828,24.29202037,"Ross Stripling",13273,548389
"Zack Greinke","HOU",67,0.2766323,0.56694561,0.40754717,0.54658385,0.85608856,0.74074074,0.4509434,24.28608247,"Zack Greinke",1943,425844
"Buck Farmer","DET",21.1,0.32596685,0.66875,0.48680352,0.71186441,0.85981308,0.80722892,0.46920821,24.28174603,"Buck Farmer",14814,571656
"Kevin Gausman","SFG",59.2,0.29872881,0.70377734,0.50769231,0.44680851,0.80225989,0.7010101,0.51589744,24.26462396,"Kevin Gausman",14107,592332
"Martín Pérez","BOS",62,0.22787194,0.64143426,0.42884802,0.70247934,0.83850932,0.8013544,0.48596321,24.25232404,"Martin Perez",6902,527048
"Chase Anderson","TOR",33.2,0.24624625,0.67398119,0.45552147,0.6097561,0.8,0.74747475,0.4892638,24.24180328,"Chase Anderson",6895,502624
"Madison Bumgarner","ARI",41.2,0.28189911,0.68632708,0.4943662,0.69473684,0.8984375,0.84330484,0.52535211,24.23166023,"Madison Bumgarner",5524,518516
"Thomas Hatch","TOR",26.1,0.25819672,0.73604061,0.47165533,0.57142857,0.76551724,0.70673077,0.44671202,24.17391304,"Thomas Hatch",19264,641672
"Jake Diekman","OAK",21.1,0.24223602,0.61139896,0.44350282,0.33333333,0.70338983,0.61146497,0.54519774,24.15241636,"Jake Diekman",5003,518617
"Mike Mayers","LAA",30,0.27737226,0.64705882,0.44921875,0.42105263,0.77272727,0.65652174,0.46484375,24.14360313,"Mike Mayers",15451,594577
"Griffin Canning","LAA",56.1,0.27151052,0.66063348,0.44974093,0.53521127,0.83561644,0.73732719,0.45803109,24.11904762,"Griffin Canning",19867,656288
"Dylan Floro","LAD",24.1,0.32178218,0.63313609,0.46361186,0.63076923,0.85981308,0.77325581,0.45552561,24.09489051,"Dylan Floro",13394,571670
"Chris Bassitt","OAK",63,0.23459716,0.64885496,0.4640592,0.63636364,0.82647059,0.78359909,0.55391121,24.08295626,"Chris Bassitt",12304,605135
"Jake Newberry","KCR",22,0.30044843,0.58536585,0.42118863,0.43283582,0.78125,0.63803681,0.42377261,24.05517241,"Jake Newberry",15136,623470
"Jake Arrieta","PHI",44.1,0.22701149,0.58005249,0.41152263,0.55696203,0.91402715,0.82,0.52263374,24.05075188,"Jake Arrieta",4153,453562
"Nathan Eovaldi","BOS",48.1,0.30722892,0.71394231,0.53342246,0.50980392,0.84175084,0.75689223,0.55614973,24.02568807,"Nathan Eovaldi",9132,543135
"Reynaldo López","CHW",26.1,0.20987654,0.68774704,0.45362903,0.56862745,0.86781609,0.8,0.51008065,23.98097826,"Reynaldo Lopez",16400,625643
"Mychal Givens","- - -",22.1,0.25257732,0.71040724,0.49638554,0.69387755,0.75796178,0.74271845,0.53253012,23.95833333,"Mychal Givens",10430,571710
"Caleb Baragar","SFG",22.1,0.23809524,0.68316832,0.49570201,0.68571429,0.84782609,0.8150289,0.57879656,23.9372549,"Caleb Baragar",19231,670056
"Chad Green","NYY",25.2,0.3125,0.68669528,0.51764706,0.6,0.7375,0.7,0.54823529,23.90432099,"Chad Green",15552,643338
"Caleb Thielbar","MIN",20,0.23636364,0.68446602,0.4851752,0.48717949,0.80141844,0.73333333,0.55525606,23.87368421,"Caleb Thielbar",10078,573204
"John Curtiss","TBR",25,0.32748538,0.7370892,0.5546875,0.55357143,0.85350318,0.77464789,0.5546875,23.83754513,"John Curtiss",16128,595928
"José Cisnero","DET",29.2,0.29285714,0.70292887,0.48169557,0.47560976,0.79761905,0.692,0.46050096,23.83120205,"Jose Cisnero",6399,542585
"Chris Mazza","BOS",30,0.26923077,0.66906475,0.47583643,0.44285714,0.83870968,0.73046875,0.51672862,23.77329975,"Chris Mazza",14151,607391
"Garrett Richards","SDP",51.1,0.26463104,0.67341772,0.46954315,0.47115385,0.87593985,0.76216216,0.50126904,23.76357268,"Garrett Richards",9784,572070
"Zack Wheeler","PHI",71,0.28429423,0.74216028,0.52831941,0.62237762,0.85211268,0.7943761,0.53296193,23.74903969,"Zack Wheeler",10310,554430
"Max Fried","ATL",56,0.29094828,0.66896552,0.47385984,0.54074074,0.86597938,0.7629108,0.48387097,23.73932927,"Max Fried",13743,608331
"Patrick Sandoval","LAA",36.2,0.28040541,0.66225166,0.47324415,0.5060241,0.825,0.73144876,0.50501672,23.7372093,"Patrick Sandoval",19447,663776
"JT Brubaker","PIT",47.1,0.27360775,0.63682864,0.45024876,0.50442478,0.86345382,0.75138122,0.48631841,23.73220339,"JT Brubaker",17578,664141
"Anthony Bass","TOR",25.2,0.25123153,0.63934426,0.43523316,0.41176471,0.87179487,0.73214286,0.47409326,23.70567376,"Anthony Bass",7982,542914
"Yusei Kikuchi","SEA",47,0.25706941,0.65763547,0.46163522,0.55,0.80898876,0.73841962,0.51069182,23.6969697,"Yusei Kikuchi",20633,579328
"Yohan Ramírez","SEA",20.2,0.14798206,0.60913706,0.36428571,0.42424242,0.80833333,0.7254902,0.46904762,23.65634675,"Yohan Ramirez",19444,670990
"Cristian Javier","HOU",54.1,0.22247706,0.63796909,0.43419573,0.59793814,0.86851211,0.80051813,0.5095613,23.64102564,"Cristian Javier",17606,664299
"Jairo Díaz","COL",20,0.25510204,0.69047619,0.45604396,0.5,0.87931034,0.76506024,0.46153846,23.6284585,"Jairo Diaz",12774,545064
"Carlos Carrasco","CLE",68,0.31785714,0.65988909,0.48592189,0.43820225,0.81512605,0.68971963,0.49137148,23.62576687,"Carlos Carrasco",6632,471911
"Luke Jackson","ATL",26.1,0.30258303,0.68325792,0.47357724,0.62195122,0.87417219,0.78540773,0.44918699,23.58309859,"Luke Jackson",11752,592426
"Héctor Rondón","ARI",20,0.23913043,0.66019417,0.46153846,0.5,0.90441176,0.80555556,0.52820513,23.57586207,"Hector Rondon",2391,444468
"Kyle Zimmer","KCR",23,0.36363636,0.56976744,0.45945946,0.51388889,0.8877551,0.72941176,0.46486486,23.56617647,"Kyle Zimmer",14169,622092
"Dan Altavilla","- - -",20.1,0.19444444,0.6557377,0.42699725,0.4,0.79166667,0.70322581,0.50413223,23.55882353,"Dan Altavilla",16507,656186
"Grant Dayton","ATL",27.1,0.32608696,0.66359447,0.47464503,0.58888889,0.84722222,0.74786325,0.44016227,23.54301075,"Grant Dayton",11203,594795
"Framber Valdez","HOU",70.2,0.25656566,0.61371841,0.44518589,0.54330709,0.85588235,0.77087794,0.52812202,23.53805073,"Framber Valdez",17295,664285
"Ian Anderson","ATL",32.1,0.26870748,0.59927798,0.4290718,0.53164557,0.81927711,0.72653061,0.48511384,23.52083333,"Ian Anderson",19951,666120
"Justus Sheffield","SEA",55.1,0.26869159,0.59292035,0.43522727,0.59130435,0.9141791,0.81723238,0.51363636,23.50866142,"Justus Sheffield",17285,656954
"Tony Gonsolin","LAD",46.2,0.29597701,0.71708683,0.50921986,0.51456311,0.8046875,0.72144847,0.50638298,23.5047619,"Tony Gonsolin",19388,664062
"Enoli Paredes","HOU",20.2,0.2125,0.61386139,0.43646409,0.58823529,0.74193548,0.70886076,0.55801105,23.47924528,"Enoli Paredes",20447,660600
"Kyle Cody","TEX",22.2,0.24324324,0.59459459,0.41891892,0.57777778,0.87272727,0.78709677,0.5,23.47583643,"Kyle Cody",19686,621129
"Aaron Loup","TBR",25,0.25170068,0.67010309,0.48973607,0.67567568,0.87692308,0.83233533,0.56891496,23.46311475,"Aaron Loup",10343,571901
"Dustin May","LAD",56,0.2459893,0.65853659,0.48036952,0.63043478,0.87962963,0.82451923,0.56812933,23.41981132,"Dustin May",19716,669160
"J.A. Happ","NYY",49.1,0.25575448,0.69444444,0.47649301,0.66,0.82181818,0.77866667,0.50317662,23.40374787,"J.A. Happ",7410,457918
"Zack Godley","BOS",28.2,0.26369863,0.64750958,0.44484629,0.48051948,0.8816568,0.75609756,0.47197107,23.38083538,"Zack Godley",14862,643327
"Kyle Wright","ATL",38,0.2462908,0.64473684,0.43525741,0.59036145,0.85204082,0.77419355,0.47425897,23.31982942,"Kyle Wright",19665,657140
"Cal Quantrill","- - -",32,0.2745098,0.6184739,0.44444444,0.58571429,0.87012987,0.78125,0.49404762,23.30494505,"Cal Quantrill",19312,615698
"Daniel Castano","MIA",29.2,0.20888889,0.74698795,0.49156118,0.55319149,0.88709677,0.81974249,0.52531646,23.30029155,"Daniel Castano",19805,641447
"Travis Lakins Sr.","BAL",25.2,0.22173913,0.675,0.45319149,0.64705882,0.87037037,0.81690141,0.5106383,23.28366762,"Travis Lakins Sr.",18600,664042
"Trevor Cahill","SFG",25,0.24796748,0.54589372,0.38410596,0.50819672,0.83185841,0.7183908,0.45695364,23.24926686,"Trevor Cahill",6249,502239
"Logan Webb","SFG",54.1,0.20647773,0.62896825,0.41983968,0.59803922,0.85173502,0.78997613,0.50501002,23.23283984,"Logan Webb",17995,657277
"Matt Strahm","SDP",20.2,0.2578125,0.62222222,0.47077922,0.66666667,0.83928571,0.8,0.58441558,23.21719457,"Matt Strahm",13799,621381
"Nick Vincent","MIA",22.1,0.16546763,0.75,0.49845201,0.43478261,0.85507246,0.79503106,0.56965944,23.1826087,"Nick Vincent",7555,543883
"Stefan Crichton","ARI",26,0.24120603,0.65024631,0.44776119,0.54166667,0.89393939,0.8,0.50497512,23.1799308,"Stefan Crichton",16058,592233
"Taylor Widener","ARI",20,0.21468927,0.6631016,0.44505495,0.65789474,0.76612903,0.74074074,0.51373626,23.16304348,"Taylor Widener",19266,642203
"Joe Jiménez","DET",22.2,0.28804348,0.70243902,0.50642674,0.47169811,0.84027778,0.74111675,0.52699229,23.1590106,"Joe Jimenez",15761,641729
"Mike Clevinger","- - -",41.2,0.25,0.66666667,0.45608629,0.48780488,0.80841121,0.71959459,0.49460709,23.15833333,"Mike Clevinger",12808,605182
"Tanner Roark","TOR",47.2,0.24318658,0.66037736,0.43951165,0.61206897,0.81071429,0.75252525,0.47058824,23.12407681,"Tanner Roark",8753,543699
"Randy Dobnak","MIN",46.2,0.31127451,0.66764706,0.47326203,0.58267717,0.92951542,0.80508475,0.45454545,23.11460259,"Randy Dobnak",23798,677976
"Frankie Montas","OAK",53,0.27400468,0.59958932,0.44748359,0.4957265,0.83561644,0.73838631,0.53282276,23.08630952,"Frankie Montas",14309,593423
"Dinelson Lamet","SDP",69,0.30966469,0.62825279,0.47368421,0.42675159,0.82248521,0.6969697,0.51483254,23.08279431,"Dinelson Lamet",17186,659275
"Jaime Barria","LAA",32.1,0.27586207,0.65591398,0.48336595,0.59375,0.84699454,0.78137652,0.54598826,23.08244681,"Jaime Barria",18356,642545
"Daniel Norris","DET",27.2,0.32669323,0.62761506,0.47346939,0.57317073,0.83333333,0.74137931,0.4877551,23.05449591,"Daniel Norris",13475,596057
"Derek Holland","PIT",40.2,0.22701149,0.61994609,0.42976356,0.49367089,0.83913043,0.75080906,0.51599444,23.0505618,"Derek Holland",4141,502706
"Trevor Rosenthal","- - -",23.2,0.29943503,0.59803922,0.45931759,0.41509434,0.74590164,0.64571429,0.53543307,23.04895105,"Trevor Rosenthal",10745,572096
"Danny Duffy","KCR",56.1,0.27848101,0.65031983,0.46341463,0.46969697,0.89180328,0.76430206,0.49734889,23.04591105,"Danny Duffy",3542,518633
"Luis Cessa","NYY",21.2,0.33497537,0.66878981,0.48055556,0.51470588,0.87619048,0.73410405,0.43611111,23,"Luis Cessa",13345,570666
"Lou Trivino","OAK",23.1,0.27083333,0.6741573,0.46486486,0.57692308,0.80833333,0.73837209,0.48108108,22.99264706,"Lou Trivino",15043,642152
"Ryan Weber","BOS",43,0.19661017,0.59714286,0.41395349,0.70689655,0.89473684,0.85393258,0.54263566,22.99120879,"Ryan Weber",10160,543901
"Sonny Gray","CIN",56,0.23900574,0.58426966,0.39772727,0.472,0.84230769,0.72207792,0.45971074,22.98898072,"Sonny Gray",12768,543243
"José Berríos","MIN",63,0.31205674,0.60966543,0.45735027,0.61363636,0.82012195,0.74801587,0.48820327,22.94160584,"Jose Berrios",14168,621244
"Duane Underwood Jr.","CHC",20.2,0.35555556,0.56129032,0.45074627,0.546875,0.74712644,0.66225166,0.46268657,22.92712551,"Duane Underwood Jr.",14677,621249
"Drew Smyly","SFG",26.1,0.27272727,0.63461538,0.46875,0.4,0.78181818,0.68,0.54166667,22.91256831,"Drew Smyly",11760,592767
"Merrill Kelly","ARI",31.1,0.24299065,0.63706564,0.45877378,0.48076923,0.88484848,0.78801843,0.54756871,22.88888889,"Merrill Kelly",11156,518876
"Patrick Corbin","WSN",65.2,0.34567901,0.67864271,0.50187266,0.59693878,0.89411765,0.78544776,0.46910112,22.85992218,"Patrick Corbin",9323,571578
"Tyler Rogers","SFG",28,0.22058824,0.63779528,0.45196507,0.68888889,0.77777778,0.75845411,0.55458515,22.83841463,"Tyler Rogers",15541,643511
"Trevor Bauer","CIN",73,0.28243021,0.65467626,0.46008584,0.53488372,0.80769231,0.72014925,0.47725322,22.81028571,"Trevor Bauer",12703,545333
"Tyler Mahle","CIN",47.2,0.3064877,0.61975309,0.45539906,0.51094891,0.79681275,0.69587629,0.47535211,22.77503852,"Tyler Mahle",16358,641816
"Huascar Ynoa","ATL",21.2,0.29326923,0.65775401,0.46582278,0.57377049,0.85365854,0.76086957,0.47341772,22.77474403,"Huascar Ynoa",20468,660623
"Edwin Díaz","NYM",25.2,0.27615063,0.67219917,0.475,0.37878788,0.61728395,0.54824561,0.50208333,22.75609756,"Edwin Diaz",14710,621242
"Phil Maton","CLE",21.2,0.30285714,0.64705882,0.48812665,0.41509434,0.74242424,0.64864865,0.53825858,22.73498233,"Phil Maton",18064,664208
"Zach Eflin","PHI",59,0.33712984,0.61814346,0.483023,0.62162162,0.87372014,0.78911565,0.51916758,22.72036474,"Zach Eflin",13774,621107
"T.J. McFarland","OAK",20.2,0.28865979,0.62043796,0.42598187,0.66071429,0.96470588,0.84397163,0.41389728,22.71729958,"T.J. McFarland",3237,519008
"Jacob deGrom","NYM",68,0.34797891,0.72791519,0.53744493,0.37878788,0.7038835,0.59836066,0.49867841,22.71713615,"Jacob deGrom",10954,594798
"Freddy Peralta","MIL",29.1,0.31446541,0.6212766,0.44484629,0.45,0.78082192,0.64634146,0.42495479,22.71021378,"Freddy Peralta",18679,642547
"Wandy Peralta","SFG",27.1,0.27380952,0.69067797,0.47540984,0.60869565,0.78527607,0.73275862,0.48360656,22.67567568,"Wandy Peralta",14295,593974
"Jimmy Cordero","CHW",26.2,0.30593607,0.69756098,0.49528302,0.6119403,0.88811189,0.8,0.48349057,22.65878378,"Jimmy Cordero",15690,622772
"Jordan Lyles","TEX",57.2,0.21442886,0.64777328,0.43001007,0.71028037,0.890625,0.84543326,0.49748238,22.65235457,"Jordan Lyles",7593,543475
"Gregory Soto","DET",23,0.21256039,0.59893048,0.39593909,0.47727273,0.82142857,0.72435897,0.47461929,22.64726027,"Gregory Soto",19677,642397
"Anthony Kay","TOR",21,0.18627451,0.69268293,0.4400978,0.63157895,0.8028169,0.76666667,0.50122249,22.63961039,"Anthony Kay",20387,641743
"Sean Manaea","OAK",54,0.28301887,0.6553288,0.48522167,0.57142857,0.88927336,0.80456853,0.54310345,22.6331058,"Sean Manaea",15873,640455
"Zac Gallen","ARI",72,0.30615641,0.57364341,0.42972247,0.49456522,0.85472973,0.71666667,0.46195166,22.62747525,"Zac Gallen",19291,668678
"Jordan Montgomery","NYY",44,0.32686981,0.65803109,0.49799197,0.60169492,0.7992126,0.73655914,0.5167336,22.59816514,"Jordan Montgomery",16511,656756
"Aaron Slegers","TBR",26,0.34391534,0.73232323,0.54263566,0.61538462,0.86206897,0.78571429,0.51162791,22.55438596,"Aaron Slegers",15231,642083
"Tanner Scott","BAL",20.2,0.23163842,0.62650602,0.42274052,0.48780488,0.74038462,0.66896552,0.48396501,22.5511811,"Tanner Scott",17586,656945
"Richard Rodríguez","PIT",23.1,0.2974359,0.6122449,0.45524297,0.48275862,0.75833333,0.66853933,0.50127877,22.53872054,"Richard Rodriguez",13549,593144
"Kyle Freeland","COL",70.2,0.30244755,0.61775362,0.45729537,0.62427746,0.89442815,0.80350195,0.4911032,22.52904821,"Kyle Freeland",16256,607536
"Brooks Raley","- - -",20,0.3190184,0.66473988,0.49702381,0.51923077,0.83478261,0.73652695,0.51488095,22.52610442,"Brooks Raley",10061,548384
"Deivi García","NYY",34.1,0.30672269,0.70748299,0.52819549,0.65753425,0.82692308,0.78291815,0.55263158,22.51724138,"Deivi Garcia",20276,665620
"Seth Lugo","NYM",36.2,0.31023102,0.63517915,0.47377049,0.5,0.81538462,0.71280277,0.50327869,22.49438202,"Seth Lugo",12447,607625
"Asher Wojciechowski","BAL",37,0.23312883,0.68103448,0.46439169,0.56578947,0.82700422,0.76357827,0.51632047,22.4561753,"Asher Wojciechowski",10836,592879
"Tyler Anderson","SFG",59.2,0.24678112,0.6557377,0.45597484,0.62608696,0.834375,0.77931034,0.5115304,22.44412192,"Tyler Anderson",12880,542881
"Devin Williams","MIL",27,0.34677419,0.57377049,0.44315545,0.36046512,0.61904762,0.5026178,0.42459397,22.41337386,"Devin Williams",15816,642207
"Alex Cobb","BAL",52.1,0.26020408,0.61204819,0.44114002,0.48039216,0.8976378,0.77808989,0.51425031,22.39441536,"Alex Cobb",6562,502171
"Rick Porcello","NYM",59,0.24553571,0.67663551,0.48016277,0.80909091,0.8839779,0.86652542,0.54425229,22.39270687,"Rick Porcello",2717,519144
"Daniel Ponce de Leon","STL",32.2,0.26190476,0.68064516,0.4628483,0.61363636,0.75829384,0.71571906,0.47987616,22.38866397,"Daniel Ponce de Leon",16110,594965
"Spencer Turnbull","DET",56.2,0.23541247,0.64377682,0.43302181,0.55555556,0.81666667,0.74340528,0.48390447,22.375,"Spencer Turnbull",16207,605513
"Raisel Iglesias","CIN",23,0.32926829,0.6751269,0.51800554,0.42592593,0.72180451,0.63636364,0.54570637,22.37358491,"Raisel Iglesias",17130,628452
"Lucas Giolito","CHW",72.1,0.30179445,0.71381032,0.50576606,0.42702703,0.75524476,0.65635179,0.49505766,22.37336245,"Lucas Giolito",15474,608337
"Trevor Richards","TBR",32,0.35409836,0.70848708,0.52083333,0.59259259,0.86458333,0.76666667,0.47048611,22.34515366,"Trevor Richards",19309,670950
"Jack Flaherty","STL",40.1,0.26666667,0.64534884,0.44784423,0.37,0.81981982,0.68012422,0.47844228,22.31734317,"Jack Flaherty",17479,656427
"Jon Lester","CHC",61,0.25235405,0.65199161,0.44146825,0.67910448,0.90353698,0.83595506,0.47321429,22.27642276,"Jon Lester",4930,452657
"Shane Bieber","CLE",77.1,0.35674157,0.61596958,0.46688207,0.41338583,0.80555556,0.63321799,0.42487884,22.26587729,"Shane Bieber",19427,669456
"Matt Shoemaker","TOR",28.2,0.26267281,0.68558952,0.47982063,0.49122807,0.8343949,0.74299065,0.51345291,22.24923077,"Matt Shoemaker",4776,533167
"Héctor Neris","PHI",21.2,0.33777778,0.62068966,0.46115288,0.42105263,0.75,0.61413043,0.43609023,22.17808219,"Hector Neris",11804,593576
"Tyler Glasnow","TBR",57.1,0.28336756,0.64360587,0.46161826,0.39855072,0.82736156,0.69438202,0.49481328,22.1424581,"Tyler Glasnow",14374,607192
"Mike Minor","- - -",56.2,0.24463519,0.65692008,0.46067416,0.60526316,0.79821958,0.74944568,0.52400409,22.1215847,"Mike Minor",10021,501985
"Erick Fedde","WSN",50.1,0.24070022,0.61772152,0.41549296,0.78181818,0.89754098,0.86158192,0.46361502,22.1025641,"Erick Fedde",17425,607200
"Carlos Estévez","COL",24,0.26804124,0.67355372,0.49311927,0.65384615,0.80981595,0.77209302,0.55504587,22.10126582,"Carlos Estevez",14542,608032
"Adbert Alzolay","CHC",21.1,0.27692308,0.58854167,0.43152455,0.55555556,0.84070796,0.74850299,0.49612403,22.08813559,"Adbert Alzolay",17859,640470
"Tommy Hunter","PHI",24.2,0.31944444,0.58762887,0.44634146,0.55072464,0.90350877,0.7704918,0.47317073,22.08496732,"Tommy Hunter",1157,488984
"Justin Dunn","SEA",45.2,0.20149254,0.62155388,0.41073658,0.66666667,0.84274194,0.7993921,0.49812734,22.07718121,"Justin Dunn",19268,643290
"Mitch Keller","PIT",21.2,0.18719212,0.65555556,0.4073107,0.65789474,0.87288136,0.82051282,0.46997389,22.07241379,"Mitch Keller",17594,656605
"Jorge Alcala","MIN",24,0.22857143,0.69948187,0.45409429,0.54166667,0.77037037,0.71038251,0.47890819,22.04620462,"Jorge Alcala",19459,660896
"James Paxton","NYY",20.1,0.29545455,0.72777778,0.51404494,0.46153846,0.85496183,0.7431694,0.50561798,22,"James Paxton",11828,572020
"Aníbal Sánchez","WSN",53,0.29365079,0.65738758,0.46858908,0.61486486,0.85016287,0.77362637,0.48094748,21.96809986,"Anibal Sanchez",3284,434671
"Félix Peña","LAA",26.2,0.21610169,0.65625,0.43043478,0.43137255,0.84353741,0.73737374,0.48695652,21.96176471,"Felix Pena",13403,570240
"Lance McCullers Jr.","HOU",55,0.27408994,0.54916067,0.40384615,0.4609375,0.8558952,0.71428571,0.47171946,21.94470046,"Lance McCullers Jr.",14120,621121
"Charlie Morton","TBR",38,0.29893238,0.67546174,0.51515152,0.53571429,0.84765625,0.77058824,0.57424242,21.92783505,"Charlie Morton",4676,450203
"Anthony DeSclafani","CIN",33.2,0.24850299,0.67164179,0.43687708,0.51807229,0.9,0.77946768,0.44518272,21.9266055,"Anthony DeSclafani",13050,543101
"Michael King","NYY",26.2,0.26359833,0.62337662,0.44042553,0.58730159,0.89583333,0.80193237,0.49148936,21.90350877,"Michael King",19853,650633
"Tyler Duffey","MIN",24,0.35096154,0.625,0.4701087,0.53424658,0.74,0.65317919,0.43478261,21.90145985,"Tyler Duffey",13758,608648
"Marco Gonzales","SEA",69.2,0.28227571,0.62103506,0.47443182,0.68217054,0.87365591,0.8243513,0.56723485,21.86381323,"Marco Gonzales",15467,594835
"Paul Fry","BAL",22,0.2364532,0.61271676,0.40957447,0.375,0.88679245,0.72727273,0.46010638,21.8540146,"Paul Fry",15832,643316
"Chad Kuhl","PIT",46.1,0.22528736,0.60169492,0.39416984,0.51020408,0.86384977,0.75241158,0.4486692,21.8419244,"Chad Kuhl",14975,641771
"Touki Toussaint","ATL",24.1,0.25925926,0.61187215,0.41717791,0.54285714,0.78358209,0.70098039,0.44785276,21.83106267,"Touki Toussaint",16929,657053
"Luke Weaver","ARI",52,0.25902335,0.68410463,0.47727273,0.54098361,0.86176471,0.77705628,0.51342975,21.77884615,"Luke Weaver",16918,596133
"Michael Wacha","NYM",34,0.26618705,0.70996979,0.50738916,0.58108108,0.83829787,0.77669903,0.54351396,21.75831486,"Michael Wacha",14078,608379
"Kris Bubic","KCR",50,0.21166307,0.67521368,0.44468314,0.62244898,0.81329114,0.76811594,0.50268528,21.75319149,"Kris Bubic",21455,663460
"Elieser Hernández","MIA",25.2,0.27567568,0.68679245,0.51777778,0.54901961,0.7967033,0.74248927,0.58888889,21.73607038,"Elieser Hernandez",16933,622694
"Andre Scrubb","HOU",23.2,0.21777778,0.48351648,0.33660934,0.67346939,0.86363636,0.79562044,0.44717445,21.7124183,"Andre Scrubb",20329,668687
"Trevor Rogers","MIA",28,0.31690141,0.61971831,0.46830986,0.52222222,0.82386364,0.72180451,0.5,21.69954128,"Trevor Rogers",22286,669432
"Andrew Heaney","LAA",66.2,0.31663327,0.65699659,0.50046083,0.57594937,0.82597403,0.75322284,0.54009217,21.67839196,"Andrew Heaney",15423,571760
"Dylan Cease","CHW",58.1,0.21790541,0.65111562,0.41474654,0.58139535,0.84735202,0.77111111,0.45437788,21.66021765,"Dylan Cease",18525,656302
"Yency Almonte","COL",27.2,0.26359833,0.6763285,0.45515695,0.50793651,0.81428571,0.71921182,0.46412556,21.65963855,"Yency Almonte",15068,622075
"Clayton Kershaw","LAD",58.1,0.30434783,0.66455696,0.49662162,0.51587302,0.83174603,0.7414966,0.53378378,21.63746224,"Clayton Kershaw",2036,477132
"Nick Nelson","NYY",20.2,0.30882353,0.67647059,0.47593583,0.61904762,0.8,0.73595506,0.45454545,21.63250883,"Nick Nelson",20153,656793
"Pablo López","MIA",57.1,0.30463576,0.7,0.50166113,0.63768116,0.81269841,0.7593819,0.49833887,21.61187215,"Pablo Lopez",17085,641154
"Adam Plutko","CLE",27.2,0.24528302,0.78632479,0.52914798,0.69230769,0.83152174,0.80084746,0.52466368,21.59393939,"Adam Plutko",15846,592644
"Jon Gray","COL",39,0.28703704,0.64071856,0.46656535,0.5483871,0.89252336,0.78827362,0.50759878,21.57708333,"Jon Gray",14916,592351
"Josh Tomlin","ATL",39.2,0.29699248,0.66343042,0.49391304,0.56962025,0.87317073,0.78873239,0.5373913,21.57598039,"Josh Tomlin",9388,458708
"Kolby Allard","TEX",33.2,0.19727891,0.65659341,0.45136778,0.72413793,0.81171548,0.79461279,0.55319149,21.56886228,"Kolby Allard",18694,663465
"Tyler Alexander","DET",36.1,0.25483871,0.68858131,0.46410684,0.60759494,0.88944724,0.80935252,0.48247078,21.55855856,"Tyler Alexander",17735,641302
"Ryan Castellani","COL",43.1,0.22474747,0.6398892,0.42272127,0.53932584,0.87012987,0.778125,0.47688243,21.54867257,"Ryan Castellani",16377,624418
"Gio Gonzalez","CHW",31.2,0.2734375,0.59166667,0.39583333,0.45714286,0.88028169,0.70040486,0.38461538,21.51502146,"Gio Gonzalez",7448,461829
"Michael Lorenzen","CIN",33.2,0.30945559,0.66023166,0.45888158,0.48148148,0.80701754,0.68100358,0.42598684,21.49561404,"Michael Lorenzen",14843,547179
"Spencer Howard","PHI",24.1,0.25252525,0.66390041,0.47835991,0.7,0.825,0.7952381,0.54897494,21.49538462,"Spencer Howard",23252,675921
"Lucas Sims","CIN",25.2,0.24705882,0.55868545,0.38888889,0.41269841,0.80672269,0.67032967,0.45512821,21.49166667,"Lucas Sims",13470,608371
"Wade LeBlanc","BAL",22.1,0.26553672,0.61904762,0.44808743,0.65957447,0.81196581,0.76829268,0.51639344,21.41762452,"Wade LeBlanc",5221,453281
"Cole Sulser","BAL",22.2,0.27027027,0.73195876,0.48557692,0.61666667,0.76056338,0.71782178,0.46634615,21.3968254,"Cole Sulser",15256,642121
"Brandon Bielak","HOU",32,0.25,0.67820069,0.45728643,0.50649351,0.86734694,0.76556777,0.4840871,21.37360179,"Brandon Bielak",19866,656232
"Johnny Cueto","SFG",63.1,0.25944171,0.6641791,0.4489083,0.65189873,0.88764045,0.8151751,0.46812227,21.37162954,"Johnny Cueto",6893,456501
"David Peterson","NYM",49.2,0.2370892,0.62953368,0.42364532,0.59405941,0.81069959,0.74709302,0.47536946,21.37086093,"David Peterson",20302,656849
"Tommy Milone","- - -",39,0.32162162,0.67278287,0.48637016,0.57142857,0.83636364,0.74336283,0.46915352,21.33138402,"Tommy Milone",7608,543548
"Adam Wainwright","STL",65.2,0.29764454,0.61771058,0.45698925,0.55395683,0.86363636,0.76235294,0.49784946,21.29393939,"Adam Wainwright",2233,425794
"Matthew Boyd","DET",60.1,0.30902778,0.68235294,0.48434622,0.5505618,0.83333333,0.73764259,0.46961326,21.29295426,"Matthew Boyd",15440,571510
"Casey Mize","DET",28.1,0.28767123,0.67330677,0.46593002,0.60714286,0.86982249,0.7826087,0.46224678,21.25307125,"Casey Mize",20492,663554
"Steven Brault","PIT",42.2,0.22384428,0.63880597,0.41018767,0.67391304,0.8271028,0.78104575,0.44906166,21.24955437,"Steven Brault",15291,643230
"Wes Benjamin","TEX",22.1,0.295,0.6984127,0.49100257,0.55932203,0.83333333,0.7486911,0.48586118,21.24125874,"Wes Benjamin",19243,605138
"José Ureña","MIA",23.1,0.28140704,0.67005076,0.47474747,0.53571429,0.85606061,0.7606383,0.49747475,21.19163763,"Jose Urena",11589,570632
"Chris Paddack","SDP",59,0.27896996,0.65995976,0.47559709,0.6,0.82926829,0.76419214,0.51609553,21.15232722,"Chris Paddack",20099,663978
"Gerrit Cole","NYY",73,0.31506849,0.66558966,0.4954281,0.46195652,0.79368932,0.69127517,0.51454697,21.13259669,"Gerrit Cole",13125,543037
"Dallas Keuchel","CHW",63.1,0.25932836,0.69103774,0.45,0.64748201,0.84641638,0.78240741,0.44166667,21.05293276,"Dallas Keuchel",9434,572971
"José Urquidy","HOU",29.2,0.32178218,0.68281938,0.51282051,0.70769231,0.86451613,0.81818182,0.52913753,20.99354839,"Jose Urquidy",18413,664353
"Michael Fulmer","DET",27.2,0.23571429,0.65322581,0.43181818,0.59090909,0.91975309,0.8245614,0.46969697,20.98963731,"Michael Fulmer",13218,605242
"Zach Plesac","CLE",55.1,0.33053221,0.69689737,0.52835052,0.5,0.82191781,0.72926829,0.53994845,20.98591549,"Zach Plesac",19979,668676
"Brady Singer","KCR",64.1,0.26871401,0.56,0.41830065,0.5,0.8961039,0.77232143,0.51353875,20.96758105,"Brady Singer",25377,663903
"Eric Yardley","MIL",23.1,0.29017857,0.62694301,0.44604317,0.72307692,0.89256198,0.83333333,0.46282974,20.96518987,"Eric Yardley",15538,642233
"Sandy Alcantara","MIA",42,0.25566343,0.68271955,0.48338369,0.5443038,0.87136929,0.790625,0.53323263,20.93541667,"Sandy Alcantara",18684,645261
"Walker Buehler","LAD",36.2,0.27645051,0.64169381,0.46333333,0.54320988,0.81218274,0.73381295,0.51166667,20.92017738,"Walker Buehler",19374,621111
"Carlos Martinez","STL",20,0.31162791,0.65591398,0.4713217,0.68656716,0.90163934,0.82539683,0.4638404,20.86287625,"Carlos Martinez",11682,593372
"Ty Buttrey","LAA",26.1,0.24423963,0.72037915,0.47897196,0.67924528,0.86842105,0.8195122,0.49299065,20.86217949,"Ty Buttrey",14719,621142
"Julio Urías","LAD",55,0.30864198,0.65744681,0.496,0.632,0.81553398,0.76267281,0.53714286,20.8114374,"Julio Urias",14765,628711
"Johan Oviedo","STL",24.2,0.22727273,0.64732143,0.43918919,0.58,0.87586207,0.8,0.5045045,20.80923077,"Johan Oviedo",22487,670912
"Génesis Cabrera","STL",22.1,0.2020202,0.59798995,0.40050378,0.5,0.73109244,0.67295597,0.50125945,20.78114478,"Genesis Cabrera",17490,650893
"Jorge López","- - -",39,0.19344262,0.63333333,0.42204724,0.49152542,0.88038278,0.79477612,0.51968504,20.77680525,"Jorge Lopez",14527,605347
"Zach Davies","SDP",69.1,0.2807309,0.59381898,0.41516588,0.6035503,0.85501859,0.75799087,0.42938389,20.76774194,"Zach Davies",13183,605200
"Robbie Erlin","- - -",26.2,0.25560538,0.6512605,0.45986985,0.63157895,0.90322581,0.83018868,0.51626898,20.75739645,"Robbie Erlin",10354,572362
"Kyle Hendricks","CHC",81.1,0.32688588,0.63665087,0.4973913,0.63905325,0.82630273,0.77097902,0.55043478,20.75,"Kyle Hendricks",12049,543294
"Alec Mills","CHC",62.1,0.28418803,0.5932914,0.44021164,0.69924812,0.8869258,0.82692308,0.5047619,20.72423803,"Alec Mills",13834,621219
"Dylan Bundy","LAA",65.2,0.29361702,0.57664234,0.4459725,0.44927536,0.82278481,0.7092511,0.53831041,20.71967655,"Dylan Bundy",12917,605164
"Aaron Civale","CLE",74,0.28497409,0.61093248,0.45378851,0.56363636,0.86315789,0.77247706,0.51790175,20.71931818,"Aaron Civale",19479,650644
"Kwang Hyun Kim","STL",39,0.26948052,0.63934426,0.45350734,0.63855422,0.92307692,0.8381295,0.49755302,20.7092511,"Kwang Hyun Kim",27458,547942
"Dane Dunning","CHW",34,0.24271845,0.66793893,0.43782837,0.4,0.88,0.736,0.45884413,20.65801887,"Dane Dunning",19409,641540
"Antonio Senzatela","COL",73.1,0.23603604,0.67814114,0.46214789,0.60305344,0.89593909,0.82285714,0.51144366,20.64975845,"Antonio Senzatela",15488,622608
"Luis Castillo","CIN",70,0.30520646,0.69798658,0.50823938,0.51764706,0.77163462,0.69795222,0.5169124,20.58060748,"Luis Castillo",15689,622491
"Austin Gomber","STL",29,0.24124514,0.59479554,0.42205323,0.59677419,0.8375,0.77027027,0.51140684,20.56857855,"Austin Gomber",16561,596295
"Adrian Houser","MIL",56,0.28481013,0.69866071,0.48590022,0.65925926,0.84984026,0.79241071,0.48590022,20.51047904,"Adrian Houser",12718,605288
"Steve Cishek","CHW",20,0.20812183,0.62146893,0.40374332,0.41463415,0.85454545,0.73509934,0.47326203,20.48028674,"Steve Cishek",6483,518553
"Germán Márquez","COL",81.2,0.28896673,0.66412214,0.48939641,0.46060606,0.85977011,0.75,0.53425775,20.44355758,"German Marquez",15038,608566
"Jakob Junis","KCR",25.1,0.25862069,0.65909091,0.4822335,0.57777778,0.87586207,0.80526316,0.55837563,20.29963899,"Jakob Junis",13619,596001
"Triston McKenzie","CLE",33.1,0.33098592,0.62406015,0.47272727,0.60638298,0.81325301,0.73846154,0.48363636,20.25714286,"Triston McKenzie",18000,663474
"Brusdar Graterol","LAD",23.1,0.29411765,0.63953488,0.49828179,0.77142857,0.90909091,0.87586207,0.59106529,20.19,"Brusdar Graterol",20367,660813
"John Means","BAL",43.2,0.26361032,0.71969697,0.50604027,0.66304348,0.78596491,0.75596817,0.53154362,20.18938053,"John Means",16269,607644
"Rich Hill","MIN",38.2,0.25,0.57798165,0.42326333,0.78082192,0.87301587,0.84732824,0.52827141,20.16483516,"Rich Hill",4806,448179
"Tyler Webb","STL",21.2,0.26451613,0.7382199,0.52601156,0.68292683,0.81560284,0.78571429,0.55202312,20.1372549,"Tyler Webb",14974,643778
"Steven Matz","NYM",30.2,0.28526646,0.66242038,0.47235387,0.58241758,0.86538462,0.77926421,0.49605055,20.08997955,"Steven Matz",13361,571927
"Thomas Eshelman","BAL",34.2,0.25403226,0.63066202,0.45607477,0.6031746,0.93370166,0.84836066,0.5364486,20.08831169,"Thomas Eshelman",18361,664045
"Alex Young","ARI",46.1,0.31529412,0.69354839,0.49184442,0.6119403,0.8372093,0.76020408,0.46675031,20.06779661,"Alex Young",18333,622065
"Tarik Skubal","DET",32,0.29605263,0.71428571,0.49915398,0.58888889,0.8097561,0.74237288,0.4856176,20.04824561,"Tarik Skubal",22267,669373
"Josh Fleming","TBR",32.1,0.28063241,0.7235023,0.48510638,0.56338028,0.91719745,0.80701754,0.46170213,20.01186944,"Josh Fleming",20418,676596
"Brad Keller","KCR",54.2,0.25531915,0.65977011,0.46037296,0.57407407,0.91289199,0.82025316,0.50699301,19.93730408,"Brad Keller",15734,641745
"Taijuan Walker","- - -",53.1,0.21461187,0.63288288,0.42517007,0.61702128,0.88256228,0.816,0.50340136,19.40275651,"Taijuan Walker",11836,592836
"Tejay Antone","CIN",35.1,0.27586207,0.53135314,0.40640809,0.4625,0.80124224,0.68879668,0.51096121,19.32444444,"Tejay Antone",16233,622088
"Nick Margevicius","SEA",41.1,0.25304878,0.61206897,0.43786982,0.68674699,0.87793427,0.82432432,0.5147929,19.22420635,"Nick Margevicius",20395,676606
"Sixto Sánchez","MIA",39,0.30566038,0.73809524,0.53309481,0.54320988,0.83870968,0.75838926,0.52593918,18.9273183,"Sixto Sanchez",19680,664350
"Jesús Luzardo","OAK",59,0.25536481,0.6371308,0.44787234,0.46218487,0.81456954,0.71496437,0.50425532,18.92162554,"Jesus Luzardo",19959,666200
"Keegan Akin","BAL",25.2,0.24675325,0.70260223,0.492,0.52631579,0.78306878,0.72357724,0.538,18.3648294,"Keegan Akin",19362,669211
"Rony García","DET",21,0.2238806,0.65104167,0.43256997,0.71111111,0.84,0.80588235,0.48854962,18.24489796,"Rony Garcia",20430,665621
"Brett Anderson","MIL",47,0.27720207,0.62295082,0.44547872,0.6728972,0.87280702,0.80895522,0.48670213,17.86654479,"Brett Anderson",8223,474463
"Brent Suter","MIL",31.2,0.27509294,0.68825911,0.47286822,0.40540541,0.84117647,0.70901639,0.47868217,17.45478036,"Brent Suter",13942,608718